file,M,N,NNZ,Sparsity,K,BSMR,cuSDDMM,cuSPARSE,RoDe,ASpT,TCGNN,FlashSparse,Sputnik
./suiteSparse_dataset/c-63/c-63.mtx,44234,44234,239469,99.98%,256,1397.14,452.39,98.43,0,0,23.6282,1404.22,29.96
./suiteSparse_dataset/HEP-th/HEP-th.mtx,27240,27240,342437,99.95%,256,2408.14,1088.48,158.62,0,0,91.326,933.091,59.78
./suiteSparse_dataset/li/li.mtx,22695,22695,1350309,99.73%,256,4839.82,1840.71,624.59,0,0,649.834,3164.11,329.96
./suiteSparse_dataset/e40r0100/e40r0100.mtx,17281,17281,553562,99.81%,256,5990.93,1430.55,270.03,0,0,404.083,2683.94,241.18
./suiteSparse_dataset/g7jac180sc/g7jac180sc.mtx,53370,53370,747276,99.97%,256,2644.29,778.8,387.22,0,0,286.146,1696.7,34.47
./suiteSparse_dataset/Trefethen_20000/Trefethen_20000.mtx,20000,20000,287233,99.92%,256,2438.31,1177.12,139.74,0,0,302.78,1367.47,174.29
./suiteSparse_dataset/c-62ghs/c-62ghs.mtx,41731,41731,300537,99.98%,256,1810.46,433,111.25,0,0,15.2731,1793.26,44.6
./suiteSparse_dataset/chem_master1/chem_master1.mtx,40401,40401,201201,99.98%,256,1283.17,701.08,94.4,0,0,555.336,1797.82,17.2
./suiteSparse_dataset/soc-sign-Slashdot090216/soc-sign-Slashdot090216.mtx,81871,81871,545671,99.99%,256,1689.38,517.89,243.1,0,0,57.4225,857.005,11.04
./suiteSparse_dataset/TSOPF_RS_b300_c2/TSOPF_RS_b300_c2.mtx,28338,28338,2943887,99.63%,256,13332.8,1467.61,2936.05,0,0,1178.84,6651.68,492.19
./suiteSparse_dataset/sinc15/sinc15.mtx,11532,11532,568526,99.57%,256,4107.85,650.22,269.3,0,0,89.1669,1512.92,519.3
./suiteSparse_dataset/lhr34c/lhr34c.mtx,35152,35152,764014,99.93%,256,6324.62,1669.66,435.24,0,0,1083.89,3051.29,85.45
./suiteSparse_dataset/crankseg_2/crankseg_2.mtx,63838,63838,7106348,99.82%,256,5196.22,1192.03,4227.03,0,0,146.308,4180.64,423.69
./suiteSparse_dataset/LeGresley_87936/LeGresley_87936.mtx,87936,87936,593276,99.99%,256,1301.61,630.86,245.34,0,0,340.116,684.909,10.35
./suiteSparse_dataset/lhr34/lhr34.mtx,35152,35152,764014,99.93%,256,6335.11,1599.8,436.5,0,0,1085.69,3075.28,85.47
./suiteSparse_dataset/g7jac080/g7jac080.mtx,23670,23670,293976,99.94%,256,3593.84,1137.05,141.98,0,0,120.086,1654.02,72.34
./suiteSparse_dataset/net75/net75.mtx,23120,23120,756160,99.85%,256,4910.13,874.6,368.98,0,0,115.963,1695.89,357.57
./suiteSparse_dataset/Dubcova2/Dubcova2.mtx,65025,65025,547625,99.98%,256,1630.81,841.5,236.95,0,0,442.959,1793.52,33.92
./suiteSparse_dataset/ASIC_100ks/ASIC_100ks.mtx,99190,99190,578890,99.99%,256,1188.2,529.14,243.85,0,0,71.5542,1603.85,8.05
./suiteSparse_dataset/wathen100/wathen100.mtx,30401,30401,251001,99.97%,256,2625.53,1097.42,122.87,0,0,900.633,3377.06,70.57
./suiteSparse_dataset/net100/net100.mtx,29920,29920,1031560,99.88%,256,4959.42,1342.83,507.55,0,0,107.512,1725.51,280.23
./suiteSparse_dataset/g7jac160sc/g7jac160sc.mtx,47430,47430,656616,99.97%,256,2779.92,1332.79,320.13,0,0,261.421,1656.91,40.53
./suiteSparse_dataset/Zhao1/Zhao1.mtx,33861,33861,166453,99.98%,256,2010.3,906.95,83.05,0,0,326.029,1301.13,20.32
./suiteSparse_dataset/pkustk07/pkustk07.mtx,16860,16860,1217832,99.57%,256,7163.72,809.71,578.42,0,0,300.728,3717.89,970
./suiteSparse_dataset/lp_nug20/lp_nug20.mtx,15240,72600,304800,99.97%,256,1486.83,431.08,148.03,0,0,180.936,737.512,35.99
./suiteSparse_dataset/c-54/c-54.mtx,31793,31793,211743,99.97%,256,3095.66,617.61,97.27,0,0,20.026,2240.75,53.97
./suiteSparse_dataset/foldoc/foldoc.mtx,13356,13356,120238,99.93%,256,2395.18,533.83,58.62,0,0,56.8386,1620.05,91.27
./suiteSparse_dataset/airfoil_2d/airfoil_2d.mtx,14214,14214,259688,99.87%,256,3091.52,954.58,127.62,0,0,195.501,1299.71,169.16
./suiteSparse_dataset/lhr17c/lhr17c.mtx,17576,17576,381975,99.87%,256,6608.56,1273.59,193.51,0,0,559.414,3109.24,167.31
./suiteSparse_dataset/pcrystk03/pcrystk03.mtx,24696,24696,887937,99.85%,256,5210.9,2013.09,453.88,0,0,1287.67,4590.9,380.31
./suiteSparse_dataset/conf6_0-8x8-30/conf6_0-8x8-30.mtx,49152,49152,1916928,99.92%,256,3934.58,2617.7,901.84,0,0,1246.94,2935.89,109.04
./suiteSparse_dataset/chipcool1/chipcool1.mtx,20082,20082,281150,99.93%,256,2857.22,1148.37,135.53,0,0,213.163,1101.37,94.57
./suiteSparse_dataset/lowThrust_13/lowThrust_13.mtx,18476,18476,117580,99.96%,256,2342.23,470.07,59.24,0,0,2.76581,1640.27,90.31
./suiteSparse_dataset/vsp_vibrobox_scagr7-2c_rlfddd/vsp_vibrobox_scagr7-2c_rlfddd.mtx,77328,77328,435586,99.99%,256,1834.82,802.52,204.26,0,0,30.1336,1157.04,20.33
./suiteSparse_dataset/soc-sign-Slashdot081106/soc-sign-Slashdot081106.mtx,77357,77357,516575,99.99%,256,1683.75,530.05,237.37,0,0,62.5042,898.697,12.1
./suiteSparse_dataset/c-66b/c-66b.mtx,49989,49989,274498,99.98%,256,1307.13,530.55,113.91,0,0,12.4608,2030.93,27.87
./suiteSparse_dataset/t3dh_e/t3dh_e.mtx,79171,79171,2215638,99.96%,256,3094.47,1423.41,932.58,0,0,771.965,2630.79,94.47
./suiteSparse_dataset/smt/smt.mtx,25710,25710,1889447,99.71%,256,5889.8,1797.37,843.94,0,0,609.268,4210.41,685.99
./suiteSparse_dataset/Si5H12/Si5H12.mtx,19896,19896,379247,99.90%,256,2825.98,786.54,184.03,0,0,186.857,1586.25,243.84
./suiteSparse_dataset/nug08-3rd/nug08-3rd.mtx,19728,29856,148416,99.97%,256,1883.45,831.9,73.57,0,0,225.889,1076.33,35.07
./suiteSparse_dataset/nd6k/nd6k.mtx,18000,18000,3457658,98.93%,256,8512.21,1146.89,3138.81,0,0,658.823,5899.48,1429.85
./suiteSparse_dataset/G_n_pin_pout/G_n_pin_pout.mtx,100000,100000,501198,99.99%,256,810.74,543.02,216.26,0,0,243.628,653.959,13.91
./suiteSparse_dataset/fome12/fome12.mtx,24284,48920,142528,99.98%,256,1487.77,675.97,69.08,0,0,87.8891,945.263,16.81
./suiteSparse_dataset/rim/rim.mtx,22560,22560,1014951,99.80%,256,6158.68,2124.86,508.6,0,0,889.059,3878.02,259.29
./suiteSparse_dataset/conf5_4-8x8-10/conf5_4-8x8-10.mtx,49152,49152,1916928,99.92%,256,3931.35,2617.08,910.9,0,0,1258.94,2935.89,109.05
./suiteSparse_dataset/south31/south31.mtx,18425,36321,112398,99.98%,256,2754.85,653.31,56.53,0,0,115.004,1821.13,23.52
./suiteSparse_dataset/world/world.mtx,34506,67147,198883,99.99%,256,947.06,309.89,90.02,0,0,14.0224,1023.4,12
./suiteSparse_dataset/epb3/epb3.mtx,84617,84617,463625,99.99%,256,1198,581.85,203.38,0,0,480.032,1310.02,9.06
./suiteSparse_dataset/rajat15/rajat15.mtx,37261,37261,443573,99.96%,256,2872.88,894.06,185.39,0,0,22.4823,1728.38,44.29
./suiteSparse_dataset/sc205-2r/sc205-2r_A_12.mtx,35213,62423,123239,99.99%,256,618.05,305.21,57.75,0,0,473.356,1177.21,7.84
./suiteSparse_dataset/invextr1_new/invextr1_new.mtx,30412,30412,1793881,99.80%,256,5145.96,1425.85,781.05,0,0,232.106,2201.5,254.44
./suiteSparse_dataset/tomographic1/tomographic1.mtx,73159,59498,647495,99.98%,256,2151.15,826.02,292.01,0,0,191.341,1676.87,20.78
./suiteSparse_dataset/rgg_n_2_16_s0/rgg_n_2_16_s0.mtx,65536,65536,342127,99.99%,256,1132.12,521.95,151.19,0,0,388.66,1066.8,22.23
./suiteSparse_dataset/n4c6-b5/n4c6-b5.mtx,51813,20058,310878,99.97%,256,2123.48,939.69,147.71,0,0,391.947,1545.34,41.55
./suiteSparse_dataset/soc-Epinions1/soc-Epinions1.mtx,75888,75888,508837,99.99%,256,1578.28,297.98,220.81,0,0,27.0813,914.442,12.38
./suiteSparse_dataset/laminar_duct3D/laminar_duct3D.mtx,67173,67173,3833077,99.91%,256,3952.44,1973.26,1472.4,0,0,979.896,3433.41,117.04
./suiteSparse_dataset/Wordnet3/Wordnet3.mtx,82670,82670,132964,99.99%,256,537.01,286.04,60.78,0,0,189.367,386.365,2.74
./suiteSparse_dataset/bbmat/bbmat.mtx,38744,38744,1771722,99.88%,256,5635.25,1730.1,795.97,0,0,1511.87,4515.29,158.18
./suiteSparse_dataset/light_in_tissue/light_in_tissue.mtx,29282,29282,406084,99.95%,256,3612.85,1390.22,199.67,0,0,654.232,2333.5,65.18
./suiteSparse_dataset/lowThrust_7/lowThrust_7.mtx,17378,17378,110607,99.96%,256,2436.28,450.32,54.25,0,0,2.84682,1611.89,95.74
./suiteSparse_dataset/cfd1/cfd1.mtx,70656,70656,949510,99.98%,256,2232.04,1085.55,608.96,0,0,773.847,2358.58,51.09
./suiteSparse_dataset/TSOPF_FS_b162_c3/TSOPF_FS_b162_c3.mtx,30798,30798,904612,99.90%,256,9603.1,1215.19,436.14,0,0,1.0494,5166.75,259.76
./suiteSparse_dataset/lowThrust_11/lowThrust_11.mtx,18368,18368,117002,99.96%,256,2321.47,477.45,57.01,0,0,2.89643,1556.88,90.96
./suiteSparse_dataset/mark3jac080sc/mark3jac080sc.mtx,36609,36609,227955,99.98%,256,2187.67,960.37,110.63,0,0,234.128,1592.26,23.72
./suiteSparse_dataset/appu/appu.mtx,14000,14000,1853104,99.05%,256,2192.5,1341.66,1138.38,0,0,126.498,990.592,884.28
./suiteSparse_dataset/TEM27623/TEM27623_M.mtx,27623,27623,233546,99.96%,256,2373.43,992.31,115.58,0,0,501.914,2169.8,79.06
./suiteSparse_dataset/Si34H36/Si34H36.mtx,97569,97569,2626974,99.97%,256,3083.3,1257.11,1005.98,0,0,403.667,1882.8,74.34
./suiteSparse_dataset/jan99jac060sc/jan99jac060sc.mtx,20614,20614,127182,99.97%,256,2215.71,735.61,60.88,0,0,163.776,1695.76,41.46
./suiteSparse_dataset/pltexpa/pltexpa.mtx,26894,70364,143059,99.99%,256,752.15,285.33,68.2,0,0,175.063,738.369,10.55
./suiteSparse_dataset/onetone1/onetone1.mtx,36057,36057,341088,99.97%,256,2871.11,1199.06,163.24,0,0,291.499,1531.9,36.52
./suiteSparse_dataset/soc-Slashdot0902/soc-Slashdot0902.mtx,82168,82168,948464,99.98%,256,1573.95,519.62,511.73,0,0,32.7944,1016.35,19.58
./suiteSparse_dataset/jan99jac120sc/jan99jac120sc.mtx,41374,41374,260202,99.98%,256,1596.33,815.33,121.25,0,0,315.995,1773.95,21.24
./suiteSparse_dataset/Goodwin_054/Goodwin_054.mtx,32510,32510,1030878,99.90%,256,5489.23,1783.18,495.86,0,0,1630.55,4088.38,131.76
./suiteSparse_dataset/lhr71/lhr71.mtx,70304,70304,1528092,99.96%,256,3629.67,1387.54,1353.33,0,0,1164.09,3096.09,41.19
./suiteSparse_dataset/psse0/psse0.mtx,26722,11028,102432,99.96%,256,2599.8,670.78,50.83,0,0,402.496,2290.18,45.76
./suiteSparse_dataset/waveguide3D/waveguide3D.mtx,21036,21036,303468,99.93%,256,3181.01,1184.64,152,0,0,214.252,1079.75,93.09
./suiteSparse_dataset/hvdc1/hvdc1.mtx,24842,24842,159981,99.97%,256,2758.29,750.97,81.37,0,0,74.8928,2161.22,36.11
./suiteSparse_dataset/opt1/opt1.mtx,15449,15449,973052,99.59%,256,8122.3,1285.16,487.95,0,0,690.724,5516.16,938.4
./suiteSparse_dataset/ABACUS_shell_hd/ABACUS_shell_hd_K.mtx,23412,23412,216082,99.96%,256,2461.07,1063.53,107.93,0,0,293.849,1374.34,54.56
./suiteSparse_dataset/c-55/c-55.mtx,32780,32780,218115,99.97%,256,2615.29,506.13,94.81,0,0,22.5672,1895.1,52.07
./suiteSparse_dataset/fe_rotor/fe_rotor.mtx,99617,99617,662431,99.99%,256,1202.67,727.35,311.15,0,0,494.986,1441.11,18.58
./suiteSparse_dataset/t3dh/t3dh_E.mtx,79171,79171,2215638,99.96%,256,3092.74,1423.88,939.31,0,0,766.284,2632.03,94.98
./suiteSparse_dataset/mk12-b3/mk12-b3.mtx,51975,13860,207900,99.97%,256,2100,906.97,99.41,0,0,391.197,1673.66,38.78
./suiteSparse_dataset/psse2/psse2.mtx,28634,11028,115262,99.96%,256,2668.1,641.28,57.39,0,0,171.752,1934.89,50.14
./suiteSparse_dataset/bcsstk17/bcsstk17.mtx,10974,10974,219812,99.81%,256,4055.57,735.76,105.81,0,0,348.64,4407,449.13
./suiteSparse_dataset/ACTIVSg10K/ACTIVSg10K.mtx,20000,20000,137736,99.96%,256,2788.18,801.08,67.49,0,0,252.853,1553.32,47.6
./suiteSparse_dataset/c-68/c-68.mtx,64810,64810,315408,99.99%,256,1024.72,444.81,122.95,0,0,35.84,1620.78,18.82
./suiteSparse_dataset/cage10/cage10.mtx,11397,11397,150645,99.88%,256,2268.75,545.53,72.06,0,0,105.47,1305.08,153.19
./suiteSparse_dataset/c-57/c-57.mtx,37833,37833,221515,99.98%,256,2336.66,661.68,109.13,0,0,0.624527,2398.39,39.59
./suiteSparse_dataset/net4-1/net4-1.mtx,88343,88343,1265035,99.98%,256,1932.53,852.28,831.66,0,0,1.91407,1185.1,42.76
./suiteSparse_dataset/lowThrust_8/lowThrust_8.mtx,17702,17702,113139,99.96%,256,2427.88,459.51,57.05,0,0,2.68032,1627.31,89.05
./suiteSparse_dataset/vsp_barth5_1Ksep_50in_5Kout/vsp_barth5_1Ksep_50in_5Kout.mtx,32212,32212,101805,99.99%,256,1492.74,574.68,52.28,0,0,303.4,920.109,25.88
./suiteSparse_dataset/g7jac120/g7jac120.mtx,35550,35550,475296,99.96%,256,3851.67,1345.88,227.98,0,0,192.937,1629.95,52.19
./suiteSparse_dataset/TSOPF_FS_b162_c1/TSOPF_FS_b162_c1.mtx,10798,10798,305732,99.73%,256,6265,412.82,141.69,0,0,2.83008,5025.36,638.15
./suiteSparse_dataset/ABACUS_shell_ld/ABACUS_shell_ld.mtx,23412,23412,218484,99.96%,256,2465.96,1023.85,107.9,0,0,296.328,1386.17,55.15
./suiteSparse_dataset/ABACUS_shell_ld/ABACUS_shell_ld_M.mtx,23412,23412,206474,99.96%,256,2373.26,1104.18,105.7,0,0,280.783,1316.5,52.16
./suiteSparse_dataset/sinc18/sinc18.mtx,16428,16428,973826,99.63%,256,4095.15,887.19,456.89,0,0,124.871,1509.08,448.56
./suiteSparse_dataset/ckt11752_dc_1/ckt11752_dc_1.mtx,49702,49702,333029,99.98%,256,1543.23,526.87,140.48,0,0,15.2547,2056.83,18.86
./suiteSparse_dataset/IG5-17/IG5-17.mtx,30162,27944,1035008,99.87%,256,2458.45,1482,463.51,0,0,171.474,1173.7,162.89
./suiteSparse_dataset/fome13/fome13.mtx,48568,97840,285056,99.99%,256,666.95,414.1,123.62,0,0,169.412,547.65,8.37
./suiteSparse_dataset/TSOPF_RS_b300_c3/TSOPF_RS_b300_c3.mtx,42138,42138,4413449,99.75%,256,11145.1,2054.65,3457.22,0,0,1571.63,6830.97,317.91
./suiteSparse_dataset/mark3jac100/mark3jac100.mtx,45769,45769,285215,99.98%,256,1512.27,842.09,132.78,0,0,286.109,1570.22,19.01
./suiteSparse_dataset/Zd_Jac3/Zd_Jac3.mtx,22835,22835,1916152,99.63%,256,7181.98,923.72,898.23,0,0,139.937,3299.93,469.07
./suiteSparse_dataset/jan99jac080/jan99jac080.mtx,27534,27534,171522,99.97%,256,2286.96,852.23,86.87,0,0,213.361,1742.45,31.51
./suiteSparse_dataset/H2O/H2O.mtx,67024,67024,1141880,99.97%,256,2375.95,1055.05,954.12,0,0,476.038,1397.06,67.78
./suiteSparse_dataset/ted_AB/ted_AB.mtx,10605,10605,522387,99.53%,256,7505.56,632.04,252.18,0,0,335.966,3986.02,566.46
./suiteSparse_dataset/scfxm1-2r/scfxm1-2r.mtx,37980,65943,221388,99.99%,256,1001.76,451.79,104.57,0,0,335.754,1174.62,12.35
./suiteSparse_dataset/mark3jac120/mark3jac120.mtx,54929,54929,342475,99.98%,256,1349.39,534.41,154.95,0,0,296.846,1586.85,15.85
./suiteSparse_dataset/Andrews/Andrews.mtx,60000,60000,410077,99.98%,256,1393.87,601.56,185.18,0,0,320.065,835.908,29.41
./suiteSparse_dataset/conf5_4-8x8-20/conf5_4-8x8-20.mtx,49152,49152,1916928,99.92%,256,3937.81,2618.4,898.04,0,0,1258.13,2933.26,109.04
./suiteSparse_dataset/denormal/denormal.mtx,89400,89400,622812,99.99%,256,1469.59,700.96,283.37,0,0,740.724,2553.87,20.3
./suiteSparse_dataset/poisson3Da/poisson3Da.mtx,13514,13514,352762,99.80%,256,3499.62,519.23,169.82,0,0,59.9529,1159.27,245.76
./suiteSparse_dataset/gas_sensor/gas_sensor.mtx,66917,66917,885141,99.98%,256,2278.94,983.02,541.7,0,0,673.09,2302.94,53.04
./suiteSparse_dataset/thread/thread.mtx,29736,29736,2249892,99.74%,256,5936.39,1368.54,1116.88,0,0,1127.53,4813.17,624.9
./suiteSparse_dataset/TSOPF_FS_b300_c3/TSOPF_FS_b300_c3.mtx,84414,84414,6578753,99.90%,256,10019.4,1322.23,4284.75,0,0,0.932059,6014.66,250.26
./suiteSparse_dataset/bcsstk30/bcsstk30.mtx,28924,28924,1036208,99.87%,256,4205.39,1385.49,539.21,0,0,1121.28,5226.11,318.4
./suiteSparse_dataset/mixtank_new/mixtank_new.mtx,29957,29957,1995041,99.77%,256,5115.49,1536.04,827.93,0,0,396.884,2017.5,290.16
./suiteSparse_dataset/c-53/c-53.mtx,30235,30235,201224,99.97%,256,3183.92,683.49,99.5,0,0,3.52178,2599.91,56.05
./suiteSparse_dataset/bcsstk36/bcsstk36.mtx,23052,23052,583096,99.89%,256,4430.82,1638.46,301.06,0,0,817.555,5726.89,288.32
./suiteSparse_dataset/vsp_model1_crew1_cr42_south31/vsp_model1_crew1_cr42_south31.mtx,45101,45101,189976,99.99%,256,2245.58,917.09,91.01,0,0,0.74301,1394.52,26.09
./suiteSparse_dataset/ted_AB_unscaled/ted_AB_unscaled.mtx,10605,10605,522387,99.53%,256,7378.35,630.39,254.99,0,0,335.966,4040.21,566.46
./suiteSparse_dataset/bcsstk39/bcsstk39.mtx,46772,46772,1068033,99.95%,256,3173,1792.79,500.74,0,0,1649.53,4241.55,131.21
./suiteSparse_dataset/brack2/brack2.mtx,62631,62631,366559,99.99%,256,1264,517.2,168.24,0,0,410.495,2071.5,26.07
./suiteSparse_dataset/cz10228/cz10228.mtx,10228,10228,102876,99.90%,256,2461.15,509.97,49.74,0,0,164.447,1791.58,131.59
./suiteSparse_dataset/vsp_sctap1-2b_and_seymourl/vsp_sctap1-2b_and_seymourl.mtx,40174,40174,140831,99.99%,256,1615.03,291.18,67.96,0,0,1.86567,1046.52,24.35
./suiteSparse_dataset/cvxbqp1/cvxbqp1.mtx,50000,50000,199984,99.99%,256,1039.42,437.08,92.86,0,0,322.157,1142.02,19.58
./suiteSparse_dataset/rgg_n_2_15_s0/rgg_n_2_15_s0.mtx,32768,32768,160240,99.98%,256,2201.1,854.84,79.14,0,0,357.252,1104.95,41.45
./suiteSparse_dataset/pkustk11/pkustk11.mtx,87804,87804,2652858,99.96%,256,3591.74,1231.49,1088.96,0,0,1104.32,4677.12,91.75
./suiteSparse_dataset/ex19/ex19.mtx,12005,12005,259879,99.81%,256,3639.76,898.03,126.46,0,0,341.7,2825.01,235.61
./suiteSparse_dataset/Ga3As3H12/Ga3As3H12.mtx,61349,61349,3016148,99.91%,256,5384.06,994.21,1141.51,0,0,251.991,2459.47,213.27
./suiteSparse_dataset/Goodwin_030/Goodwin_030.mtx,10142,10142,312814,99.69%,256,5412.01,845.56,152.94,0,0,540.536,3640.02,377.79
./suiteSparse_dataset/c-61/c-61.mtx,43618,43618,176817,99.99%,256,1049.98,395.18,72.97,0,0,23.0666,1221.93,22.75
./suiteSparse_dataset/lp_pds_10/lp_pds_10.mtx,16558,49932,107605,99.98%,256,1610.85,586.56,54.45,0,0,110.763,927.504,18.21
./suiteSparse_dataset/g7jac060sc/g7jac060sc.mtx,17730,17730,203316,99.93%,256,3493.4,880.78,99.57,0,0,91.9024,1582.03,88.39
./suiteSparse_dataset/graphics/graphics.mtx,29493,11822,117954,99.96%,256,2808.43,757.48,58.32,0,0,711.336,3050.12,46.57
./suiteSparse_dataset/windtunnel_evap3d/windtunnel_evap3d.mtx,40816,40816,2730600,99.83%,256,3720.16,2015.86,1009.82,0,0,451.703,1593.06,216.73
./suiteSparse_dataset/water_tank/water_tank.mtx,60740,60740,2035281,99.94%,256,3483.88,1386.23,907.46,0,0,914.332,2715.12,76.08
./suiteSparse_dataset/conf6_0-8x8-20/conf6_0-8x8-20.mtx,49152,49152,1916928,99.92%,256,3932.97,2624.47,897.74,0,0,1257.97,2938.52,109.03
./suiteSparse_dataset/sc205-2r/sc205-2r.mtx,35213,62423,123239,99.99%,256,618.05,305.26,57.09,0,0,473.356,1172.83,7.41
./suiteSparse_dataset/ct2010/ct2010.mtx,67578,67578,168176,99.99%,256,742.17,336.11,76.21,0,0,329.908,976.26,10.28
./suiteSparse_dataset/Goodwin_040/Goodwin_040.mtx,17922,17922,561677,99.82%,256,5766.7,1540.45,286.55,0,0,939.799,4210.52,228.14
./suiteSparse_dataset/gupta2/gupta2.mtx,62064,62064,2155175,99.94%,256,4109.79,1485.53,949.29,0,0,8.159,2237.78,149.62
./suiteSparse_dataset/k49_norm_10NN/k49_norm_10NN.mtx,38547,38547,309079,99.97%,256,2046.88,952.94,146.03,0,0,157.563,967.585,54.22
./suiteSparse_dataset/ak2010/ak2010.mtx,45292,45292,108549,99.99%,256,1314.15,561.96,52.96,0,0,86.0127,1057.6,14.79
./suiteSparse_dataset/ted_A_unscaled/ted_A_unscaled.mtx,10605,10605,424587,99.62%,256,7052.94,667.31,198.53,0,0,453.082,4356.48,448.16
./suiteSparse_dataset/TSOPF_RS_b2383_c1/TSOPF_RS_b2383_c1.mtx,38120,38120,16171169,98.88%,256,16507.9,1063.69,3461.07,0,0,520.906,7280.08,1345.89
./suiteSparse_dataset/ship_001/ship_001.mtx,34920,34920,2339575,99.80%,256,7008.91,1666.73,974.79,0,0,970.51,5275.89,487.65
./suiteSparse_dataset/epb2/epb2.mtx,25228,25228,175027,99.97%,256,2635.95,549.64,88.29,0,0,272.88,2370.74,38.28
./suiteSparse_dataset/OPF_6000/OPF_6000.mtx,29902,29902,166160,99.98%,256,2472.62,448.94,81.49,0,0,192.537,2555.08,47.03
./suiteSparse_dataset/dbir1/dbir1.mtx,18804,45775,1077025,99.87%,256,5506.26,152.58,455.08,0,0,10.6656,1897.58,160.55
./suiteSparse_dataset/ABACUS_shell_hd/ABACUS_shell_hd.mtx,23412,23412,218484,99.96%,256,2477.14,1020.57,102.38,0,0,296.564,1379.33,55.15
./suiteSparse_dataset/c-66/c-66.mtx,49989,49989,274498,99.98%,256,1307.13,540.18,110.72,0,0,12.4586,2022.89,27.87
./suiteSparse_dataset/IG5-16/IG5-16.mtx,18846,18485,588326,99.83%,256,2455.45,998.03,283.85,0,0,103.942,1192.49,219.48
./suiteSparse_dataset/g7jac080sc/g7jac080sc.mtx,23670,23670,293976,99.94%,256,3576.35,1132.83,139.18,0,0,120.057,1646.78,72.35
./suiteSparse_dataset/vfem/vfem.mtx,93476,93476,1434636,99.98%,256,2115.98,1217.01,1159.89,0,0,833.561,2541.64,22.83
./suiteSparse_dataset/ch7-7-b5/ch7-7-b5.mtx,35280,52920,211680,99.98%,256,1400,443.27,101.38,0,0,466.352,1190.99,14.98
./suiteSparse_dataset/t3dl_a/t3dl_a.mtx,20360,20360,265113,99.93%,256,2850.68,1146.84,127.7,0,0,343.489,1932.28,165.77
./suiteSparse_dataset/stokes128/stokes128.mtx,49666,49666,295938,99.98%,256,1870.66,716.68,142.46,0,0,672.151,2340.43,31.64
./suiteSparse_dataset/venkat25/venkat25.mtx,62424,62424,1717792,99.95%,256,3552.09,1387.79,758.16,0,0,1176.29,4983.06,61.54
./suiteSparse_dataset/g7jac140/g7jac140.mtx,41490,41490,565956,99.96%,256,3016.82,1270.63,263.12,0,0,225.554,1686.67,45.62
./suiteSparse_dataset/lpl1/lpl1.mtx,32460,32460,180248,99.98%,256,1925.73,213.82,89.39,0,0,42.504,1394.97,43.32
./suiteSparse_dataset/case39/case39_A_04.mtx,40216,40216,526144,99.96%,256,5424.17,1132.56,273.19,0,0,0.51404,3723.59,89.63
./suiteSparse_dataset/crankseg_1/crankseg_1.mtx,52804,52804,5333507,99.80%,256,5261.94,1307.3,3717.34,0,0,158.061,4321.65,466.93
./suiteSparse_dataset/pkustk06/pkustk06.mtx,43164,43164,1307466,99.92%,256,4010.63,1307.21,598.15,0,0,1043.21,4599.18,188.17
./suiteSparse_dataset/ncvxqp3/ncvxqp3.mtx,75000,75000,274982,99.99%,256,1006.52,552.23,125.11,0,0,320.337,972.944,12.22
./suiteSparse_dataset/uni_chimera_i2/uni_chimera_i2_A_11.mtx,100000,100000,448987,99.99%,256,715.63,429.73,185.26,0,0,210.296,433.626,11.14
./suiteSparse_dataset/Dubcova1/Dubcova1.mtx,16129,16129,134569,99.94%,256,2501.28,673.29,67.7,0,0,120.458,1827.09,124.5
./suiteSparse_dataset/uni_chimera_i2/uni_chimera_i2_A_15.mtx,100000,100000,448987,99.99%,256,715.4,430.31,180.65,0,0,210.317,433.718,11.14
./suiteSparse_dataset/uni_chimera_i2/uni_chimera_i2_A_06.mtx,100000,100000,448987,99.99%,256,717,430.56,179.85,0,0,210.415,433.857,11.14
./suiteSparse_dataset/uni_chimera_i2/uni_chimera_i2_A_09.mtx,100000,100000,448987,99.99%,256,715.18,432.47,179.72,0,0,210.969,433.995,11.14
./suiteSparse_dataset/tube2/tube2.mtx,21498,21498,459277,99.90%,256,5035.93,1410.85,225.65,0,0,1158.66,6181.6,262.07
./suiteSparse_dataset/uni_chimera_i2/uni_chimera_i2_A_01.mtx,100000,100000,448987,99.99%,256,715.18,431.26,179.48,0,0,210.339,434.179,11.14
./suiteSparse_dataset/uni_chimera_i2/uni_chimera_i2_A_03.mtx,100000,100000,448987,99.99%,256,715.86,431.92,186.46,0,0,210.523,434.179,11.14
./suiteSparse_dataset/2D_27628_bjtcai/2D_27628_bjtcai.mtx,27628,27628,442898,99.94%,256,3968.62,1290.14,222.77,0,0,424.095,3622.42,76.18
./suiteSparse_dataset/pkustk01/pkustk01.mtx,22044,22044,500712,99.89%,256,4759.62,841.41,241.13,0,0,535.1,4453.31,270.44
./suiteSparse_dataset/me2010/me2010.mtx,69518,69518,167738,99.99%,256,728.66,330.22,75.4,0,0,234.394,978.711,9.54
./suiteSparse_dataset/igbt3/igbt3.mtx,10938,10938,234006,99.80%,256,3993.28,701,109.69,0,0,142.683,1682.74,251.94
./suiteSparse_dataset/uni_chimera_i2/uni_chimera_i2_A_22.mtx,100000,100000,448987,99.99%,256,715.18,431.19,180.39,0,0,210.036,434.041,11.14
./suiteSparse_dataset/c-67b/c-67b.mtx,57975,57975,294955,99.99%,256,1153.07,406.33,136.27,0,0,7.1373,2203.48,22.14
./suiteSparse_dataset/c-47/c-47.mtx,15343,15343,113372,99.95%,256,2600.28,234.42,53.55,0,0,8.69774,1709.91,122.58
./suiteSparse_dataset/uni_chimera_i2/uni_chimera_i2.mtx,100000,100000,448987,99.99%,256,715.63,433.39,172.98,0,0,215.771,434.133,11.14
./suiteSparse_dataset/rma10/rma10.mtx,46835,46835,2374001,99.89%,256,4591.88,1968.17,1027.96,0,0,1348.89,5111.39,146.94
./suiteSparse_dataset/uni_chimera_i2/uni_chimera_i2_A_17.mtx,100000,100000,448987,99.99%,256,716.09,429.72,168.18,0,0,215.612,433.995,11.14
./suiteSparse_dataset/uni_chimera_i2/uni_chimera_i2_A_10.mtx,100000,100000,448987,99.99%,256,715.18,429.95,179.73,0,0,214.75,433.81,11.14
./suiteSparse_dataset/uni_chimera_i2/uni_chimera_i2_A_14.mtx,100000,100000,448987,99.99%,256,715.4,430.72,186.64,0,0,215.396,433.672,11.14
./suiteSparse_dataset/Zd_Jac6/Zd_Jac6.mtx,22835,22835,1711983,99.67%,256,6740.09,830.81,726.89,0,0,126.667,3262.13,422.17
./suiteSparse_dataset/t3dl/t3dl.mtx,20360,20360,265113,99.93%,256,2850.68,1204.17,131.28,0,0,343.579,1940.9,165.73
./suiteSparse_dataset/ncvxqp7/ncvxqp7.mtx,87500,87500,312481,99.99%,256,982.64,587.85,139.57,0,0,237.308,614.317,10.5
./suiteSparse_dataset/poisson3Db/poisson3Db.mtx,85623,85623,2374949,99.96%,256,2596.14,1184.96,820.58,0,0,214.772,964.982,44.68
./suiteSparse_dataset/case39/case39_A_11.mtx,40216,40216,526144,99.96%,256,5424.17,1129,279.12,0,0,0.514043,3715.81,89.67
./suiteSparse_dataset/case39/case39_A_07.mtx,40216,40216,526144,99.96%,256,5401.89,1129.44,278.56,0,0,0.514034,3721,89.62
./suiteSparse_dataset/bcsstk37/bcsstk37.mtx,25503,25503,583240,99.91%,256,4220.26,1363.03,290.82,0,0,1069.34,5469.85,223.18
./suiteSparse_dataset/pkustk05/pkustk05.mtx,37164,37164,1121154,99.91%,256,4734.6,1170.32,532.84,0,0,956.889,4525.19,216.52
./suiteSparse_dataset/case39/case39.mtx,40216,40216,526139,99.96%,256,5435.32,1133.25,271.87,0,0,0.514072,3715.78,89.67
./suiteSparse_dataset/case39/case39_A_06.mtx,40216,40216,526144,99.96%,256,5435.37,1126.28,272.11,0,0,0.514053,3739.25,89.68
./suiteSparse_dataset/case39/case39_A_09.mtx,40216,40216,526144,99.96%,256,5413,1132.97,275.04,0,0,0.514037,3744.5,89.68
./suiteSparse_dataset/pltexpa/pltexpa_A_4.mtx,28350,74172,150801,99.99%,256,728.51,294.35,69.42,0,0,184.934,539.931,10.01
./suiteSparse_dataset/case39/case39_A_13.mtx,40216,40216,526144,99.96%,256,5435.37,1125.4,273.22,0,0,0.514042,3718.4,89.67
./suiteSparse_dataset/uni_chimera_i2/uni_chimera_i2_A_13.mtx,100000,100000,448987,99.99%,256,715.63,430.89,180.57,0,0,210.958,433.81,11.14
./suiteSparse_dataset/mark3jac040sc/mark3jac040sc.mtx,18289,18289,113435,99.96%,256,2373.12,705.91,55.42,0,0,124.02,1470.35,46.76
./suiteSparse_dataset/g7jac060/g7jac060.mtx,17730,17730,203316,99.93%,256,3493.4,885.33,98.83,0,0,91.8537,1556.02,88.41
./suiteSparse_dataset/case39/case39_A_12.mtx,40216,40216,526144,99.96%,256,5424.17,1129.78,275.71,0,0,0.514054,3731.41,89.66
./suiteSparse_dataset/ckt11752_tr_0/ckt11752_tr_0.mtx,49702,49702,333029,99.98%,256,1548.97,524.53,140.98,0,0,15.2562,2039.6,18.86
./suiteSparse_dataset/208bit/208bit.mtx,24430,24421,299756,99.94%,256,2371.49,1346.54,145.29,0,0,348.49,1171.57,69.44
./suiteSparse_dataset/conf5_4-8x8-15/conf5_4-8x8-15.mtx,49152,49152,1916928,99.92%,256,3931.35,2619.98,900.06,0,0,1245.99,2939.4,103.07
./suiteSparse_dataset/fxm4_6/fxm4_6.mtx,22400,47185,265442,99.97%,256,3115.52,1024.67,132.1,0,0,356.335,1802.47,34.98
./suiteSparse_dataset/uni_chimera_i2/uni_chimera_i2_A_24.mtx,100000,100000,448987,99.99%,256,716.54,430.79,180.67,0,0,210.404,434.179,11.14
./suiteSparse_dataset/TSOPF_RS_b39_c19/TSOPF_RS_b39_c19.mtx,38098,38098,684206,99.95%,256,4764.67,1512.73,359.43,0,0,1465.75,5166.87,65.86
./suiteSparse_dataset/192bit/192bit.mtx,13691,13682,154303,99.91%,256,2096.51,778.15,71.19,0,0,188.058,1202.48,111.91
./suiteSparse_dataset/juba40k/juba40k.mtx,40337,40337,144945,99.99%,256,994.14,419.61,67.49,0,0,175.857,1709.95,12.45
./suiteSparse_dataset/mk12-b4/mk12-b4.mtx,62370,51975,311850,99.99%,256,1217.21,508.42,145.3,0,0,460.8,1220.7,12.73
./suiteSparse_dataset/g7jac100sc/g7jac100sc.mtx,29610,29610,384636,99.95%,256,3869.58,1284.26,183.62,0,0,156.446,1628.9,60.71
./suiteSparse_dataset/bcsstk32/bcsstk32.mtx,44609,44609,1029655,99.94%,256,3227.76,1630.65,482.87,0,0,733.504,5372.54,138.32
./suiteSparse_dataset/GaAsH6/GaAsH6.mtx,61349,61349,1721579,99.95%,256,3450.06,759.92,728.7,0,0,157.87,1939.82,122.76
./suiteSparse_dataset/cit-HepPh/cit-HepPh.mtx,34546,34546,421578,99.96%,256,2608.77,1143.82,201.59,0,0,137.623,923.216,48.84
./suiteSparse_dataset/bcircuit/bcircuit.mtx,68902,68902,375558,99.99%,256,1134.62,581.15,169.15,0,0,312.863,1812.31,11.04
./suiteSparse_dataset/Chevron1/Chevron1.mtx,37365,37365,330633,99.97%,256,2195.44,1051.46,158.08,0,0,906.717,2975.12,33.08
./suiteSparse_dataset/ABACUS_shell_md/ABACUS_shell_md_M.mtx,23412,23412,206474,99.96%,256,2357.01,1102.33,102.03,0,0,280.262,1321.43,49.28
./suiteSparse_dataset/windscreen/windscreen_M.mtx,22692,22692,752340,99.85%,256,4891.68,1727.36,358.44,0,0,1101.91,4559.96,359.58
./suiteSparse_dataset/viscoplastic2/viscoplastic2_C_1.mtx,32769,32769,381326,99.96%,256,2522,506.19,181.14,0,0,74.4334,1469.07,46.54
./suiteSparse_dataset/TSOPF_FS_b300/TSOPF_FS_b300.mtx,29214,29214,2203949,99.74%,256,11210.3,1167.01,1136.61,0,0,2.68989,6755.21,668.77
./suiteSparse_dataset/ABACUS_shell_md/ABACUS_shell_md.mtx,23412,23412,218484,99.96%,256,2460.41,1021.7,107.76,0,0,296.878,1396.55,52.12
./suiteSparse_dataset/ABACUS_shell_ld/ABACUS_shell_ld_K.mtx,23412,23412,216082,99.96%,256,2466.69,1067.1,108.89,0,0,293.537,1364.17,54.55
./suiteSparse_dataset/uni_chimera_i2/uni_chimera_i2_A_18.mtx,100000,100000,448987,99.99%,256,715.18,429.13,182.85,0,0,214.717,433.949,11.14
./suiteSparse_dataset/preferentialAttachment/preferentialAttachment.mtx,100000,100000,499985,99.99%,256,1161.14,557.22,218.66,0,0,8.21581,486.261,13.93
./suiteSparse_dataset/raefsky3/raefsky3.mtx,21200,21200,1488768,99.66%,256,13245.3,2214.25,650.62,0,0,2417.54,10384.9,439.09
./suiteSparse_dataset/worms20_10NN/worms20_10NN.mtx,20055,20055,120413,99.97%,256,2467.48,676.95,60.75,0,0,241.297,1225.68,81.75
./suiteSparse_dataset/F2/F2.mtx,71505,71505,2682895,99.94%,256,3627.49,1639.77,1431.76,0,0,497.901,3488.64,140.75
./suiteSparse_dataset/pli/pli.mtx,22695,22695,686502,99.86%,256,4317.62,1662.86,347.87,0,0,649.956,3162.66,330.02
./suiteSparse_dataset/ted_A/ted_A.mtx,10605,10605,424587,99.62%,256,7196.39,671.16,208.25,0,0,451.857,4339.09,448.25
./suiteSparse_dataset/TSOPF_FS_b300_c1/TSOPF_FS_b300_c1.mtx,29214,29214,2203949,99.74%,256,11267.6,1167.11,1166.3,0,0,2.68992,6771.45,667.51
./suiteSparse_dataset/ch7-8-b3/ch7-8-b3.mtx,58800,11760,235200,99.96%,256,2048.78,910.83,104.22,0,0,395.866,1747.79,46.82
./suiteSparse_dataset/viscoplastic2/viscoplastic2_C_6.mtx,32769,32769,381326,99.96%,256,2512.03,505.9,182.89,0,0,74.4561,1467.96,49.25
./suiteSparse_dataset/HEP-th-new/HEP-th-new.mtx,27770,27770,352807,99.95%,256,2467.18,1037.17,162.92,0,0,103.357,925.395,59.52
./suiteSparse_dataset/case39/case39_A_01.mtx,40216,40216,526139,99.96%,256,5435.32,1129.66,272.57,0,0,0.514069,3752.36,89.61
./suiteSparse_dataset/olesnik0/olesnik0.mtx,88263,88263,402623,99.99%,256,1057.31,616.7,173.56,0,0,541.017,752,13.36
./suiteSparse_dataset/viscoplastic2/viscoplastic2.mtx,32769,32769,381326,99.96%,256,2502.14,506.23,181.34,0,0,74.4476,1574.51,46.55
./suiteSparse_dataset/case39/case39_A_05.mtx,40216,40216,526144,99.96%,256,5435.37,1129.84,271.81,0,0,0.514051,3736.63,89.67
./suiteSparse_dataset/std1_Jac3_db/std1_Jac3_db.mtx,21982,21982,531826,99.88%,256,6749.06,628.23,270.76,0,0,185.146,2899.84,147.7
./suiteSparse_dataset/lhr14/lhr14.mtx,14270,14270,307858,99.84%,256,5943.2,1008.5,148.33,0,0,509.943,3031.22,201.93
./suiteSparse_dataset/ABACUS_shell_ud/ABACUS_shell_ud_K.mtx,23412,23412,216082,99.96%,256,2455.48,1059.87,110.14,0,0,293.771,1372.63,54.57
./suiteSparse_dataset/FEM_3D_thermal1/FEM_3D_thermal1.mtx,17880,17880,430740,99.86%,256,4010.61,1345.98,211.24,0,0,629.751,3196.22,181.59
./suiteSparse_dataset/gyro_m/gyro_m.mtx,17361,17361,178896,99.94%,256,2727.07,816.06,87.63,0,0,151.29,1465.94,149.96
./suiteSparse_dataset/c-71/c-71.mtx,76638,76638,468096,99.99%,256,1185.65,491.43,153.55,0,0,15.9221,861.405,20.44
./suiteSparse_dataset/cond-mat-2003/cond-mat-2003.mtx,31163,31163,120029,99.98%,256,2013.91,738.78,59.56,0,0,96.2111,1434.19,34.39
./suiteSparse_dataset/deltaX/deltaX.mtx,68600,21961,247424,99.98%,256,1238.36,255.3,114.83,0,0,44.223,1426.59,22.8
./suiteSparse_dataset/uni_chimera_i2/uni_chimera_i2_A_19.mtx,100000,100000,448987,99.99%,256,715.86,430.34,179.55,0,0,210.458,433.626,11.14
./suiteSparse_dataset/jan99jac100/jan99jac100.mtx,34454,34454,215862,99.98%,256,2515.87,975.7,105.58,0,0,267.671,1724.2,25.42
./suiteSparse_dataset/std1_Jac2_db/std1_Jac2_db.mtx,21982,21982,498771,99.89%,256,6281.75,610.24,240.67,0,0,182.147,2862.9,138.91
./suiteSparse_dataset/apache1/apache1.mtx,80800,80800,311492,99.99%,256,823.62,448.24,139.36,0,0,460.133,1562.17,11.65
./suiteSparse_dataset/std1_Jac3/std1_Jac3.mtx,21982,21982,1455848,99.69%,256,6847.83,693.66,873.38,0,0,101.841,3229.61,389.12
./suiteSparse_dataset/pdb1HYS/pdb1HYS.mtx,36417,36417,2190591,99.83%,256,5975.43,1671.37,928.17,0,0,1579.13,5777.97,412.9
./suiteSparse_dataset/c-64/c-64.mtx,51035,51035,384438,99.98%,256,1793.09,596.77,180.09,0,0,1.34948,2940.28,38.53
./suiteSparse_dataset/lhr71c/lhr71c.mtx,70304,70304,1528092,99.96%,256,3629.67,1384.83,1349.86,0,0,1156,3091.2,42.97
./suiteSparse_dataset/onetone2/onetone2.mtx,36057,36057,227628,99.98%,256,2322.73,1001.69,113.61,0,0,403.691,1798.54,24.45
./suiteSparse_dataset/TSOPF_RS_b2383/TSOPF_RS_b2383.mtx,38120,38120,16171169,98.88%,256,16497.8,1056.52,3462.87,0,0,526.417,7273.05,1298.37
./suiteSparse_dataset/ifiss_mat/ifiss_mat.mtx,96307,96307,3599932,99.96%,256,3543.24,1594.8,2288.7,0,0,490.765,2314.08,53.37
./suiteSparse_dataset/fxm3_16/fxm3_16.mtx,41340,85575,392252,99.98%,256,1291.15,655.04,178.13,0,0,507.924,1017.91,15.48
./suiteSparse_dataset/net50/net50.mtx,16320,16320,480760,99.81%,256,4587.4,596.38,228.14,0,0,123.275,1707.03,445.34
./suiteSparse_dataset/uni_chimera_i2/uni_chimera_i2_A_20.mtx,100000,100000,448987,99.99%,256,715.4,431.82,179.12,0,0,210.588,433.672,11.14
./suiteSparse_dataset/mark3jac040/mark3jac040.mtx,18289,18289,113435,99.96%,256,2373.12,726.51,56.49,0,0,124.047,1455.61,46.75
./suiteSparse_dataset/pkustk13/pkustk13.mtx,94893,94893,3355860,99.96%,256,3592.23,1355.62,1730.88,0,0,679.193,3483.26,100.63
./suiteSparse_dataset/Zd_Jac3_db/Zd_Jac3_db.mtx,22835,22835,713907,99.86%,256,6864.49,634.06,336.22,0,0,234.293,2931.2,181.07
./suiteSparse_dataset/uni_chimera_i2/uni_chimera_i2_A_07.mtx,100000,100000,448987,99.99%,256,715.63,430.64,179.14,0,0,209.853,433.995,11.14
./suiteSparse_dataset/wiki-RfA/wiki-RfA_Positive.mtx,11380,11380,139326,99.89%,256,2322.1,506.92,64.34,0,0,20.6487,907.569,143.22
./suiteSparse_dataset/uni_chimera_i2/uni_chimera_i2_A_12.mtx,100000,100000,448987,99.99%,256,715.63,430.49,183.24,0,0,210.969,433.672,11.14
./suiteSparse_dataset/pattern1/pattern1.mtx,19242,19242,4671337,98.73%,256,13070.3,785.99,1812.08,0,0,45.3839,999.413,2186.34
./suiteSparse_dataset/Zd_Jac2_db/Zd_Jac2_db.mtx,22835,22835,676439,99.87%,256,6944.96,741.38,346.95,0,0,222.94,2827.24,172.67
./suiteSparse_dataset/viscoplastic2/viscoplastic2_C_2.mtx,32769,32769,381326,99.96%,256,2515.34,506.09,180.82,0,0,74.4703,1463.56,46.54
./suiteSparse_dataset/g7jac040/g7jac040.mtx,11790,11790,114671,99.91%,256,2536.97,533.93,55.05,0,0,59.8365,1497.74,110.84
./suiteSparse_dataset/xenon1/xenon1.mtx,48600,48600,1181120,99.94%,256,3403.8,1992.84,566.96,0,0,1087.06,2658.17,69.54
./suiteSparse_dataset/ex11/ex11.mtx,16614,16614,1096948,99.60%,256,6362.81,1567.84,537.89,0,0,750.852,4340.32,488.75
./suiteSparse_dataset/skirt/skirt.mtx,12598,12598,104559,99.93%,256,2333.91,546.46,49.12,0,0,224.044,2384.32,165.37
./suiteSparse_dataset/Zhao2/Zhao2.mtx,33861,33861,166453,99.98%,256,2015.17,943.11,81.68,0,0,325.78,1313.16,20.31
./suiteSparse_dataset/ABACUS_shell_ud/ABACUS_shell_ud.mtx,23412,23412,218484,99.96%,256,2477.14,1021.19,105.38,0,0,296.957,1382.74,55.16
./suiteSparse_dataset/gyro_k/gyro_k.mtx,17361,17361,519260,99.82%,256,6347.92,1259.25,251.71,0,0,288.46,3755.99,429.38
./suiteSparse_dataset/pcrystk02/pcrystk02.mtx,13965,13965,491274,99.74%,256,4922.59,1150.64,232.86,0,0,736.543,4604.59,626.91
./suiteSparse_dataset/TSOPF_FS_b300_c2/TSOPF_FS_b300_c2.mtx,56814,56814,4391071,99.86%,256,9863.14,1739.34,3450.71,0,0,1.38722,6652.26,364.18
./suiteSparse_dataset/cbuckle/cbuckle.mtx,13681,13681,345098,99.81%,256,4390.56,983.76,160.83,0,0,302.723,6152.32,448.56
./suiteSparse_dataset/cage11/cage11.mtx,39082,39082,559722,99.96%,256,2183,1119.05,259.73,0,0,304.708,1293.8,47.98
./suiteSparse_dataset/ABACUS_shell_ud/ABACUS_shell_ud_M.mtx,23412,23412,206474,99.96%,256,2362.4,1090.29,100.81,0,0,280.857,1316.5,52.16
./suiteSparse_dataset/scfxm1-2r/scfxm1-2r_A_8.mtx,19036,33047,111052,99.98%,256,2248.02,645.79,57.9,0,0,173.561,1134.9,24.64
./suiteSparse_dataset/scfxm1-2b/scfxm1-2b.mtx,19036,33047,111052,99.98%,256,2266.37,642.5,56.54,0,0,173.508,1128.15,23.29
./suiteSparse_dataset/consph/consph.mtx,83334,83334,3046907,99.95%,256,3521.62,1773.74,1671.96,0,0,1171.48,4325.18,119.05
./suiteSparse_dataset/nd12k/nd12k.mtx,36000,36000,7128473,99.44%,256,6595.55,1115.83,4309.92,0,0,712.613,5827.7,924.99
./suiteSparse_dataset/trdheim/trdheim.mtx,22098,22098,978711,99.79%,256,6430.43,1678.98,512.04,0,0,1316.09,6376.36,512.53
./suiteSparse_dataset/crystm03/crystm03.mtx,24696,24696,304233,99.95%,256,2692.33,1299.34,154.11,0,0,506.68,1831.44,129.85
./suiteSparse_dataset/nv1/nv1.mtx,75468,75468,2449194,99.95%,256,3070.7,1375.44,900.64,0,0,364.966,1129.92,59.11
./suiteSparse_dataset/wiki-RfA/wiki-RfA.mtx,11380,11380,188077,99.85%,256,2316.22,580.94,86.57,0,0,23.2143,933.095,190.63
./suiteSparse_dataset/n4c6-b12/n4c6-b12.mtx,25605,69235,332865,99.98%,256,1585.07,562.84,156.78,0,0,321.378,990.854,24.75
./suiteSparse_dataset/cit-HepTh/cit-HepTh.mtx,27770,27770,352807,99.95%,256,2433.15,1092.32,164.19,0,0,103.375,932.08,62.95
./suiteSparse_dataset/TEM27623/TEM27623.mtx,27623,27623,233546,99.96%,256,2363.83,981.62,115.86,0,0,501.579,2169.8,79.04
./suiteSparse_dataset/OPF_10000/OPF_10000.mtx,43887,43887,255799,99.98%,256,1461.71,482.36,123.28,0,0,314.139,2561.16,33.9
./suiteSparse_dataset/chipcool0/chipcool0.mtx,20082,20082,281150,99.93%,256,2868.88,1155.9,137.41,0,0,213.194,1107.3,94.57
./suiteSparse_dataset/cz20468/cz20468.mtx,20468,20468,206076,99.95%,256,3066.61,978.4,104.9,0,0,319.924,1914.9,67.78
./suiteSparse_dataset/uni_chimera_i2/uni_chimera_i2_A_05.mtx,100000,100000,448987,99.99%,256,715.18,432.45,181.14,0,0,210.621,433.949,11.14
./suiteSparse_dataset/ABACUS_shell_md/ABACUS_shell_md_K.mtx,23412,23412,216082,99.96%,256,2461.07,1064.21,107.13,0,0,293.927,1370.93,51.55
./suiteSparse_dataset/uni_chimera_i2/uni_chimera_i2_A_23.mtx,100000,100000,448987,99.99%,256,716.09,429.95,176.54,0,0,210.372,433.903,11.14
./suiteSparse_dataset/c-59/c-59.mtx,41282,41282,260909,99.98%,256,1666.09,511.7,106.06,0,0,33.5824,1943.4,39.22
./suiteSparse_dataset/nv2010/nv2010.mtx,84538,84538,208499,99.99%,256,665.71,369.2,93.29,0,0,249.682,837.924,8.15
./suiteSparse_dataset/m_t1/m_t1.mtx,97578,97578,4925574,99.94%,256,3955.65,1826.49,1770.06,0,0,1224.76,5511.95,138.33
./suiteSparse_dataset/sctap1-2r/sctap1-2r.mtx,28830,63426,186366,99.98%,256,1012.86,402.99,87.7,0,0,303.593,945.683,14.25
./suiteSparse_dataset/lhr10/lhr10.mtx,10672,10672,232633,99.79%,256,4690.18,762.67,114.94,0,0,398.488,2809.15,271.26
./suiteSparse_dataset/p010/p010.mtx,10090,19090,118000,99.93%,256,2850.24,32.38,50.88,0,0,1.14308,1184.63,84.59
./suiteSparse_dataset/ncvxbqp1/ncvxbqp1.mtx,50000,50000,199984,99.99%,256,1039.42,435.02,93.27,0,0,322.273,1138.4,19.58
./suiteSparse_dataset/RFdevice/RFdevice.mtx,74104,74104,365580,99.99%,256,985.92,498.58,150.15,0,0,50.2975,604.772,9.3
./suiteSparse_dataset/bcsstk31/bcsstk31.mtx,35588,35588,608502,99.95%,256,3683.43,1352.47,307.1,0,0,657.055,3750.06,127.05
./suiteSparse_dataset/vsp_c-60_data_cti_cs4/vsp_c-60_data_cti_cs4.mtx,85830,85830,241080,99.99%,256,833.61,357.97,103.18,0,0,38.2744,1020.53,9.17
./suiteSparse_dataset/TSOPF_RS_b678_c1/TSOPF_RS_b678_c1.mtx,18696,18696,4396289,98.74%,256,18348.4,1032.63,4404.11,0,0,641.703,7478.07,1542.23
./suiteSparse_dataset/venkat50/venkat50.mtx,62424,62424,1717792,99.95%,256,3553.56,1438.09,769.66,0,0,1236.13,4943.84,61.55
./suiteSparse_dataset/case39/case39_A_10.mtx,40216,40216,526144,99.96%,256,5435.37,1132.24,277.89,0,0,0.514034,3723.59,89.69
./suiteSparse_dataset/lowThrust_9/lowThrust_9.mtx,18044,18044,114806,99.96%,256,2333.46,471.79,56.97,0,0,2.65567,1636.53,92.43
./suiteSparse_dataset/helm3d01/helm3d01.mtx,32226,32226,230335,99.97%,256,2345.57,1090.41,113.13,0,0,172.959,1486.2,56.88
./suiteSparse_dataset/scfxm1-2b/scfxm1-2b_A_3.mtx,19036,33047,111052,99.98%,256,2266.37,641.34,57.14,0,0,173.508,1114.88,24.64
./suiteSparse_dataset/viscoplastic2/viscoplastic2_C_3.mtx,32769,32769,381326,99.96%,256,2505.43,506,183.08,0,0,74.4561,1462.46,49.26
./suiteSparse_dataset/e18/e18.mtx,24617,38602,156466,99.98%,256,2460.16,592.24,78.59,0,0,176.494,1475.33,23.06
./suiteSparse_dataset/Zd_Jac2/Zd_Jac2.mtx,22835,22835,1642833,99.68%,256,6788.57,932.71,698.2,0,0,146.271,3137.38,404.94
./suiteSparse_dataset/mario001/mario001.mtx,38434,38434,114643,99.99%,256,1721.37,766.27,55.94,0,0,354.201,1486.65,18.45
./suiteSparse_dataset/cat_ears_4_4/cat_ears_4_4.mtx,19020,44448,132888,99.98%,256,1762.44,712.06,65.12,0,0,157.242,1066.44,21.99
./suiteSparse_dataset/jan99jac100sc/jan99jac100sc.mtx,34454,34454,215862,99.98%,256,2510.02,967.77,105.42,0,0,267.671,1735.03,25.41
./suiteSparse_dataset/lowThrust_5/lowThrust_5.mtx,16262,16262,103701,99.96%,256,2469.07,418.33,50.76,0,0,2.87279,1596.93,102.24
./suiteSparse_dataset/bcsstk35/bcsstk35.mtx,30237,30237,740200,99.91%,256,3823.35,1526.87,378.18,0,0,946.08,6026.65,214.99
./suiteSparse_dataset/t3dh_a/t3dh_a.mtx,79171,79171,2215638,99.96%,256,3090.15,1424.48,942.54,0,0,772.501,2632.34,94.01
./suiteSparse_dataset/nsct/nsct_A_1.mtx,22901,37461,678739,99.92%,256,7220.63,362.34,331.04,0,0,61.0177,2491.14,109.65
./suiteSparse_dataset/dbir2/dbir2.mtx,18906,45877,1158159,99.86%,256,5578.8,163.71,453.93,0,0,8.4379,1832.44,180.62
./suiteSparse_dataset/TSOPF_RS_b39_c30/TSOPF_RS_b39_c30.mtx,60098,60098,1079986,99.97%,256,3078.64,1242.76,777.56,0,0,1315.3,4963.67,41.62
./suiteSparse_dataset/net125/net125.mtx,36720,36720,1306960,99.90%,256,4207.86,1417.78,583.1,0,0,100.033,1721.94,251.72
./suiteSparse_dataset/TSOPF_RS_b300_c1/TSOPF_RS_b300_c1.mtx,14538,14538,1474325,99.30%,256,14014.5,778.15,838.31,0,0,675.908,6615.73,901.51
./suiteSparse_dataset/pfinan512/pfinan512.mtx,74752,74752,335872,99.99%,256,976.37,524.61,153.5,0,0,504.889,1371.9,14.9
./suiteSparse_dataset/c-50/c-50.mtx,22401,22401,108013,99.97%,256,2143.12,386.14,48.61,0,0,17.9376,1842.68,53.44
./suiteSparse_dataset/uni_chimera_i2/uni_chimera_i2_A_21.mtx,100000,100000,448987,99.99%,256,715.18,430.97,186.76,0,0,210.296,433.857,11.14
./suiteSparse_dataset/ns3Da/ns3Da.mtx,20414,20414,1679599,99.59%,256,6591.83,821.84,668.11,0,0,72.9232,1097.72,474.01
./suiteSparse_dataset/c-64b/c-64b.mtx,51035,51035,384438,99.98%,256,1796.44,601.4,164.09,0,0,1.34957,2944.99,38.53
./suiteSparse_dataset/mark3jac080/mark3jac080.mtx,36609,36609,227955,99.98%,256,2226.12,965.71,111.41,0,0,234.034,1592.26,23.73
./suiteSparse_dataset/ABACUS_shell_hd/ABACUS_shell_hd_M.mtx,23412,23412,206474,99.96%,256,2384.23,1095.53,100.53,0,0,281.081,1313.23,52.16
./suiteSparse_dataset/raefsky4/raefsky4.mtx,19779,19779,674195,99.82%,256,5376.36,1135,315.21,0,0,682.912,4614.99,439.27
./suiteSparse_dataset/nsct/nsct.mtx,23003,37563,697738,99.91%,256,7134.34,372.84,339.12,0,0,62.6586,2445.19,111.88
./suiteSparse_dataset/TSOPF_FS_b39_c7/TSOPF_FS_b39_c7.mtx,28216,28216,368599,99.95%,256,5280.79,977.88,177.42,0,0,0.716575,3704.67,127.21
./suiteSparse_dataset/cond-mat-2005/cond-mat-2005.mtx,40421,40421,175693,99.98%,256,2076.75,870.01,86,0,0,96.7881,1386.05,29.9
./suiteSparse_dataset/Si10H16/Si10H16.mtx,17077,17077,446500,99.84%,256,4103.86,687.29,219.02,0,0,132.979,1916.55,357.23
./suiteSparse_dataset/c-67/c-67.mtx,57975,57975,294955,99.99%,256,1154.87,404.12,132.15,0,0,7.13676,2217.84,22.14
./suiteSparse_dataset/gupta1/gupta1.mtx,31802,31802,1098006,99.89%,256,7667.64,1682.75,524.3,0,0,4.20043,2302.73,288.53
./suiteSparse_dataset/msc10848/msc10848.mtx,10848,10848,620313,99.47%,256,7229.76,554.14,294.8,0,0,101.523,4670.97,1148.25
./suiteSparse_dataset/mouse_gene/mouse_gene.mtx,45101,45101,14506196,99.28%,256,4382.01,1008.49,858.22,0,0,75.2588,1253.85,1162.1
./suiteSparse_dataset/garon2/garon2.mtx,13535,13535,390607,99.78%,256,4706.11,780.85,186.38,0,0,171.035,2001.91,279.2
./suiteSparse_dataset/viscoplastic2/viscoplastic2_C_7.mtx,32769,32769,381326,99.96%,256,2522,506.52,184.18,0,0,74.4533,1471.28,46.54
./suiteSparse_dataset/Trefethen_20000b/Trefethen_20000b.mtx,19999,19999,287217,99.92%,256,2417.65,1245.72,131.86,0,0,302.344,1363.45,184.42
./suiteSparse_dataset/c-62/c-62.mtx,41731,41731,300537,99.98%,256,1814.84,433.34,111.13,0,0,15.2667,1788.78,44.57
./suiteSparse_dataset/olafu/olafu.mtx,16146,16146,515651,99.80%,256,6445.64,1299.85,265.21,0,0,796.201,5363.88,476.06
./suiteSparse_dataset/sme3Db/sme3Db.mtx,29067,29067,2081063,99.75%,256,5898.7,911.51,779.36,0,0,83.1016,1102.44,291.29
./suiteSparse_dataset/uni_chimera_i2/uni_chimera_i2_A_16.mtx,100000,100000,448987,99.99%,256,715.86,430.19,182.44,0,0,214.424,433.903,11.14
./suiteSparse_dataset/g7jac040sc/g7jac040sc.mtx,11790,11790,114671,99.91%,256,2559.62,535.08,54.66,0,0,59.8365,1505.42,110.81
./suiteSparse_dataset/jan99jac080sc/jan99jac080sc.mtx,27534,27534,171522,99.97%,256,2299.22,843.74,86.87,0,0,213.62,1742.45,31.52
./suiteSparse_dataset/Franz11/Franz11.mtx,47104,30144,329728,99.97%,256,2236.96,1069.16,155.07,0,0,576.771,1343.04,32.38
./suiteSparse_dataset/shyy161/shyy161.mtx,76480,76480,329762,99.99%,256,939.49,510.05,147.21,0,0,473.599,1035.18,7.91
./suiteSparse_dataset/IG5-15/IG5-15.mtx,11369,11987,323509,99.76%,256,2519.54,655.67,155.13,0,0,79.423,1217.02,298.16
./suiteSparse_dataset/Zd_Jac6_db/Zd_Jac6_db.mtx,22835,22835,663643,99.87%,256,6636.43,589.61,326.15,0,0,216.963,2848.16,169.69
./suiteSparse_dataset/t3dh/t3dh.mtx,79171,79171,2215638,99.96%,256,3094.47,1422.33,939.99,0,0,764.418,2633.59,93.31
./suiteSparse_dataset/mark3jac140/mark3jac140.mtx,64089,64089,399735,99.99%,256,1327.14,601.82,178.82,0,0,326.366,1569.51,13.59
./suiteSparse_dataset/bcsstm36/bcsstm36.mtx,23052,23052,166389,99.96%,256,3212.14,679.75,82.4,0,0,399.295,3283.01,83.52
./suiteSparse_dataset/uni_chimera_i2/uni_chimera_i2_A_02.mtx,100000,100000,448987,99.99%,256,715.86,429.44,184.32,0,0,215.033,433.626,11.14
./suiteSparse_dataset/lowThrust_10/lowThrust_10.mtx,18260,18260,116074,99.96%,256,2321.48,473.13,55.93,0,0,2.8174,1612.29,86.18
./suiteSparse_dataset/pwt/pwt.mtx,36519,36519,181313,99.98%,256,2055.7,751.48,87.83,0,0,655.8,2662.95,34.17
./suiteSparse_dataset/mycielskian15/mycielskian15.mtx,24575,24575,5555555,99.08%,256,5005,346.77,1941.41,0,0,7.61774,2099.38,1607.7
./suiteSparse_dataset/sd2010/sd2010.mtx,88360,88360,205361,99.99%,256,625.72,354.67,90.47,0,0,286.186,962.424,7.35
./suiteSparse_dataset/scfxm1-2r/scfxm1-2r_A_9.mtx,37980,65943,221388,99.99%,256,1003.57,445.49,101.71,0,0,336.153,1175.84,12.35
./suiteSparse_dataset/Goodwin_071/Goodwin_071.mtx,56021,56021,1797934,99.94%,256,3616.12,1361.66,799.6,0,0,1503.91,4094.94,78.7
./suiteSparse_dataset/mycielskian16/mycielskian16.mtx,49151,49151,16691240,99.30%,256,4697.26,408.94,1193.31,0,0,5.81755,2078.51,1317.93
./suiteSparse_dataset/2D_54019_highK/2D_54019_highK.mtx,54019,54019,996414,99.96%,256,2965.52,1008.3,624.79,0,0,128.463,3710.28,47.7
./suiteSparse_dataset/pkustk09/pkustk09.mtx,33960,33960,808800,99.92%,256,5328.06,1237.89,384.34,0,0,1195.73,4749.99,188.11
./suiteSparse_dataset/c-52/c-52.mtx,23948,23948,113332,99.98%,256,2106.54,457.8,49.81,0,0,24.7256,1721.24,48.99
./suiteSparse_dataset/lhr17/lhr17.mtx,17576,17576,381975,99.87%,256,6608.56,1272.77,185.57,0,0,559.734,3119.16,167.27
./suiteSparse_dataset/av41092/av41092.mtx,41092,41092,1683902,99.90%,256,5531.87,464.74,726.54,0,0,68.4448,2462.6,137.47
./suiteSparse_dataset/conf6_0-8x8-80/conf6_0-8x8-80.mtx,49152,49152,1916928,99.92%,256,3934.58,2623.55,891.46,0,0,1250.12,2937.64,109.06
./suiteSparse_dataset/gyro/gyro.mtx,17361,17361,519260,99.82%,256,6317.03,1257.76,265.88,0,0,288.444,3747.91,429.49
./suiteSparse_dataset/rajat22/rajat22.mtx,39899,39899,197264,99.98%,256,1391.14,379.78,80.64,0,0,5.06971,1887.83,17.33
./suiteSparse_dataset/vanbody/vanbody.mtx,47072,47072,1191985,99.94%,256,3433.14,1879.19,563.2,0,0,879.385,5010.43,143.86
./suiteSparse_dataset/nsct/nsct_A_2.mtx,23003,37563,697738,99.91%,256,7134.34,373.29,343.55,0,0,62.6323,2446.86,111.89
./suiteSparse_dataset/EAT_SR/EAT_SR.mtx,23219,23219,325589,99.93%,256,2312.42,698.22,156.3,0,0,126.74,952.036,82.52
./suiteSparse_dataset/SiO/SiO.mtx,33401,33401,675528,99.93%,256,2975.89,790.5,343.38,0,0,204.343,1691.67,158.81
./suiteSparse_dataset/windscreen/windscreen.mtx,22692,22692,752541,99.85%,256,4950.93,1732.19,390.39,0,0,1105.91,4566.69,382.51
./suiteSparse_dataset/bauru5727/bauru5727.mtx,40366,40366,145019,99.99%,256,982.51,416.26,69.76,0,0,185.81,1772.07,12.44
./suiteSparse_dataset/bundle1/bundle1.mtx,10581,10581,390741,99.65%,256,7846.2,696.38,185.11,0,0,19.9894,6840.58,896.81
./suiteSparse_dataset/flower_7_4/flower_7_4.mtx,27693,67593,202218,99.98%,256,1058.73,400.79,97.91,0,0,228.253,1025.11,15.06
./suiteSparse_dataset/g7jac200sc/g7jac200sc.mtx,59310,59310,837936,99.97%,256,2607.14,695.96,459.71,0,0,310.033,1699.1,33.11
./suiteSparse_dataset/std1_Jac2/std1_Jac2.mtx,21982,21982,1248731,99.74%,256,6728.08,688.85,635.48,0,0,108.524,3015.8,336.13
./suiteSparse_dataset/scagr7-2r/scagr7-2r.mtx,32847,46679,120141,99.99%,256,999.51,425.65,59.48,0,0,466.001,1343.06,10.36
./suiteSparse_dataset/sparsine/sparsine.mtx,50000,50000,799494,99.96%,256,2121.8,963.45,421.58,0,0,291.488,951.622,84.52
./suiteSparse_dataset/sctap1-2r/sctap1-2r_A_11.mtx,28830,63426,186366,99.98%,256,1010.66,403.17,85.99,0,0,303.207,945.683,14.25
./suiteSparse_dataset/ca-AstroPh/ca-AstroPh.mtx,18772,18772,198110,99.94%,256,2476.38,663.8,89.92,0,0,56.1976,929.152,149.71
./suiteSparse_dataset/p2p-Gnutella31/p2p-Gnutella31.mtx,62586,62586,147892,99.99%,256,1283.78,339.68,70.66,0,0,192.723,846.988,5.32
./suiteSparse_dataset/wang3/wang3.mtx,26064,26064,177168,99.97%,256,2300.88,866.19,87.05,0,0,350.773,1602.65,36.33
./suiteSparse_dataset/wathen120/wathen120.mtx,36441,36441,301101,99.97%,256,2382.13,1120.4,149.88,0,0,1043.85,3391.92,55.84
./suiteSparse_dataset/tsyl201/tsyl201.mtx,20685,20685,1237821,99.71%,256,6838.79,983.09,604.88,0,0,728.449,4589.04,702.22
./suiteSparse_dataset/viscorocks/viscorocks.mtx,37762,37762,1162244,99.91%,256,4080.91,2054.55,566.89,0,0,1803.24,5705.36,112.25
./suiteSparse_dataset/mark3jac100sc/mark3jac100sc.mtx,45769,45769,285215,99.98%,256,1513.88,844.72,131.91,0,0,285.829,1571.91,19.01
./suiteSparse_dataset/copter2/copter2.mtx,55476,55476,407714,99.98%,256,1601.39,625.62,184.96,0,0,501.024,1736.26,34.36
./suiteSparse_dataset/bcsstk25/bcsstk25.mtx,15439,15439,133840,99.94%,256,2731.43,693.09,63.33,0,0,330.385,2684.98,141.64
./suiteSparse_dataset/JP/JP.mtx,87616,67320,13734559,99.76%,256,4992.21,1350.03,956.84,0,0,259.419,1380.2,287.94
./suiteSparse_dataset/vibrobox/vibrobox.mtx,12328,12328,177578,99.88%,256,2766.01,545.31,82.04,0,0,99.3479,1762.33,282.67
./suiteSparse_dataset/TF16/TF16.mtx,15437,19321,216173,99.92%,256,2078.59,837.49,99.65,0,0,129.104,1074.57,98.18
./suiteSparse_dataset/nh2010/nh2010.mtx,48837,48837,117275,99.99%,256,1047.1,500.15,55.33,0,0,252.767,1010.86,13.74
./suiteSparse_dataset/TSOPF_RS_b162_c3/TSOPF_RS_b162_c3.mtx,15374,15374,610299,99.74%,256,9595.9,823.32,289.76,0,0,730.589,4944.19,348.11
./suiteSparse_dataset/venkat01/venkat01.mtx,62424,62424,1717792,99.95%,256,3553.56,1381.98,752.09,0,0,1234.92,4980.23,59.91
./suiteSparse_dataset/human_gene2/human_gene2.mtx,14340,14340,9041364,95.60%,256,7015.34,382.97,139.86,0,0,54.3736,1970.36,3018.64
./suiteSparse_dataset/finan512/finan512.mtx,74752,74752,335872,99.99%,256,974.11,525.85,138.11,0,0,483.869,1370.06,14.9
./suiteSparse_dataset/uni_chimera_i2/uni_chimera_i2_A_04.mtx,100000,100000,448987,99.99%,256,715.86,432.02,181.5,0,0,210.437,433.949,11.14
./suiteSparse_dataset/Ill_Stokes/Ill_Stokes.mtx,20896,20896,191368,99.95%,256,2001.76,901.75,93.13,0,0,188.388,1013.24,60.29
./suiteSparse_dataset/memplus/memplus.mtx,17758,17758,126150,99.96%,256,2302.01,140.61,61.48,0,0,12.586,1945.45,55.33
./suiteSparse_dataset/nmos3/nmos3.mtx,18588,18588,386594,99.88%,256,4121.47,1398.23,180.07,0,0,221.059,1667.53,149.68
./suiteSparse_dataset/lhr11/lhr11.mtx,10964,10964,233741,99.80%,256,4931.24,791.79,111.61,0,0,389.442,2789.64,259.02
./suiteSparse_dataset/ramage02/ramage02.mtx,16830,16830,1441591,99.49%,256,7484.9,1579.49,666.39,0,0,780.25,4833.9,1055.75
./suiteSparse_dataset/crystk03/crystk03.mtx,24696,24696,887937,99.85%,256,5241.66,2018.78,443.36,0,0,1287.11,4572.17,380.21
./suiteSparse_dataset/af23560/af23560.mtx,23560,23560,484256,99.91%,256,5218.28,1645.69,250.62,0,0,911.206,3935.54,113.47
./suiteSparse_dataset/jan99jac120/jan99jac120.mtx,41374,41374,260202,99.98%,256,1596.33,828.88,121.93,0,0,315.322,1762.21,21.24
./suiteSparse_dataset/gyro/gyro_M.mtx,17361,17361,178896,99.94%,256,2743.8,864.34,85.68,0,0,151.263,1467.18,149.92
./suiteSparse_dataset/conf5_4-8x8-05/conf5_4-8x8-05.mtx,49152,49152,1916928,99.92%,256,3932.97,2623.17,920.62,0,0,1241.73,2935.89,109.04
./suiteSparse_dataset/vsp_bcsstk30_500sep_10in_1Kout/vsp_bcsstk30_500sep_10in_1Kout.mtx,58348,58348,2016578,99.94%,256,3422.57,1047.93,773,0,0,249.438,948.586,148.03
./suiteSparse_dataset/Chevron2/Chevron2.mtx,90249,90249,803173,99.99%,256,1786.42,946.89,419.58,0,0,669.202,1936.09,13.84
./suiteSparse_dataset/viscoplastic2/viscoplastic2_C_4.mtx,32769,32769,381326,99.96%,256,2512.03,506.48,185.46,0,0,74.4561,1575.78,46.54
./suiteSparse_dataset/pkustk08/pkustk08.mtx,22209,22209,1624440,99.67%,256,6550.16,1049.44,748.55,0,0,382.296,3592.99,778.34
./suiteSparse_dataset/cbuckle/cbuckle_G.mtx,13681,13681,263754,99.85%,256,3714.84,893.68,128.09,0,0,389.289,5060.01,344.46
./suiteSparse_dataset/pkustk02/pkustk02.mtx,10800,10800,410400,99.64%,256,7434.78,506.51,195.91,0,0,315.568,5500.27,853.17
./suiteSparse_dataset/loc-Brightkite/loc-Brightkite.mtx,58228,58228,214078,99.99%,256,1155.93,375.52,99.97,0,0,18.1386,1119.59,17.62
./suiteSparse_dataset/finance256/finance256.mtx,37376,37376,167936,99.98%,256,1706.67,721.92,80.55,0,0,345.691,1556.31,29.81
./suiteSparse_dataset/vsp_msc10848_300sep_100in_1Kout/vsp_msc10848_300sep_100in_1Kout.mtx,21996,21996,1221028,99.74%,256,5887.31,1081.29,507.74,0,0,164.392,960.243,536.74
./suiteSparse_dataset/vsp_south31_slptsk/vsp_south31_slptsk.mtx,39668,39668,189914,99.98%,256,2410.08,541.85,92.56,0,0,0.760671,1337.5,33.7
./suiteSparse_dataset/jan99jac060/jan99jac060.mtx,20614,20614,127182,99.97%,256,2215.71,740.51,61.92,0,0,163.693,1682.61,41.46
./suiteSparse_dataset/ncvxqp5/ncvxqp5.mtx,62500,62500,237483,99.99%,256,982.96,483.43,108.12,0,0,332.39,1105.04,15.2
./suiteSparse_dataset/fem_filter/fem_filter.mtx,74062,74062,1731206,99.96%,256,3160.29,548.18,733.26,0,0,191.417,2409.29,43.78
./suiteSparse_dataset/rlfprim/rlfprim.mtx,58866,62716,320591,99.99%,256,1172.61,351.6,146.1,0,0,84.6925,1560.29,12.16
./suiteSparse_dataset/astro-ph/astro-ph.mtx,16706,16706,121251,99.95%,256,2526.06,496.38,58.23,0,0,62.3236,1569.67,117.28
./suiteSparse_dataset/case39/case39_A_08.mtx,40216,40216,526144,99.96%,256,5413,1125.61,282.47,0,0,0.514042,3736.63,89.67
./suiteSparse_dataset/TSOPF_FS_b39_c19/TSOPF_FS_b39_c19.mtx,76216,76216,998359,99.98%,256,3673.14,1334.88,698.25,0,0,0.275617,3587.99,47.4
./suiteSparse_dataset/mod2/mod2.mtx,34774,66409,199810,99.99%,256,952.38,314.89,90.47,0,0,21.1745,1120.51,12.1
./suiteSparse_dataset/TSOPF_FS_b162_c4/TSOPF_FS_b162_c4.mtx,40798,40798,1204322,99.92%,256,8842.31,1259.61,595.33,0,0,0.782819,5131.17,197.82
./suiteSparse_dataset/kim1/kim1.mtx,38415,38415,933195,99.93%,256,3400.86,1923.37,442.12,0,0,1421.17,4180.19,87.85
./suiteSparse_dataset/lowThrust_12/lowThrust_12.mtx,18458,18458,117423,99.96%,256,2456.55,467.62,56.02,0,0,2.75653,1631.09,90.37
./suiteSparse_dataset/mark3jac060/mark3jac060.mtx,27449,27449,170695,99.97%,256,2397.4,923.96,84.37,0,0,177.202,1569.05,31.52
./suiteSparse_dataset/g7jac100/g7jac100.mtx,29610,29610,384636,99.95%,256,3846.36,1295.56,188.36,0,0,156.508,1630.25,60.71
./suiteSparse_dataset/g7jac050sc/g7jac050sc.mtx,14760,14760,157990,99.92%,256,3061.82,694.23,75.2,0,0,75.2683,1579.9,98.42
./suiteSparse_dataset/ecl32/ecl32.mtx,51993,51993,380415,99.98%,256,1550.18,677.38,178.04,0,0,443.572,1487.95,19.67
./suiteSparse_dataset/c-56/c-56.mtx,35910,35910,208405,99.98%,256,2395.46,482.98,95.43,0,0,16.8435,2176.57,38.95
./suiteSparse_dataset/c-65/c-65.mtx,48066,48066,204297,99.99%,256,1067.38,452.99,82.04,0,0,22.2473,1857.05,21.79
./suiteSparse_dataset/mycielskian14/mycielskian14.mtx,12287,12287,1847756,98.77%,256,5473.21,269.45,1192.59,0,0,9.38023,2060.66,1981.93
./suiteSparse_dataset/bayer04/bayer04.mtx,20545,20545,159082,99.96%,256,2956.91,806.3,77.86,0,0,341.939,2294.37,52.13
./suiteSparse_dataset/g7jac160/g7jac160.mtx,47430,47430,656616,99.97%,256,2786.99,1327.07,321.01,0,0,261.441,1648.79,40.52
./suiteSparse_dataset/case39/case39_A_03.mtx,40216,40216,526144,99.96%,256,5401.89,1126.62,276.74,0,0,0.51404,3728.8,89.67
./suiteSparse_dataset/cyl6/cyl6.mtx,13681,13681,363961,99.80%,256,4654.23,984.56,164.64,0,0,268.496,6483.89,501.22
./suiteSparse_dataset/g7jac140sc/g7jac140sc.mtx,41490,41490,565956,99.96%,256,3007.2,1267.7,258.82,0,0,225.66,1685.69,45.61
./suiteSparse_dataset/case39/case39_A_02.mtx,40216,40216,526144,99.96%,256,5424.17,1132.03,280.37,0,0,0.514049,3726.19,89.66
./suiteSparse_dataset/crystk02/crystk02.mtx,13965,13965,491274,99.74%,256,4962.36,1155.94,227.96,0,0,736.215,4634.71,592.7
./suiteSparse_dataset/wing/wing.mtx,62032,62032,121544,99.99%,256,609.55,271.17,55.59,0,0,359.506,707.567,8.84
./suiteSparse_dataset/ca-HepPh/ca-HepPh.mtx,12008,12008,118521,99.91%,256,2576.54,381.89,54.62,0,0,53.0094,915.152,218.44
./suiteSparse_dataset/lhr11c/lhr11c.mtx,10964,10964,233741,99.80%,256,4973.21,794.68,117.02,0,0,389.568,2776.69,259.02
./suiteSparse_dataset/mip1/mip1.mtx,66463,66463,5209641,99.88%,256,8814.96,458.02,3460.13,0,0,2.62911,5983.34,318.91
./suiteSparse_dataset/crplat2/crplat2.mtx,18010,18010,489478,99.84%,256,6259.31,1086.96,227.62,0,0,947.985,6259.6,396.27
./suiteSparse_dataset/g7jac180/g7jac180.mtx,53370,53370,747276,99.97%,256,2642.42,783.7,380.61,0,0,290.734,1698.2,34.47
./suiteSparse_dataset/bcsstk29/bcsstk29.mtx,13992,13992,316740,99.83%,256,4857.98,1056.88,149.43,0,0,504.819,4963.66,399.05
./suiteSparse_dataset/uni_chimera_i2/uni_chimera_i2_A_08.mtx,100000,100000,448987,99.99%,256,715.63,431.39,180.42,0,0,210.382,433.58,11.14
./suiteSparse_dataset/c-60/c-60.mtx,43640,43640,171109,99.99%,256,1027.06,373.84,72.69,0,0,25.6936,1663.46,21.92
./suiteSparse_dataset/msc23052/msc23052.mtx,23052,23052,588933,99.88%,256,5751.3,794.79,309.72,0,0,480.235,4562.23,290.42
./suiteSparse_dataset/sme3Da/sme3Da.mtx,12504,12504,874887,99.44%,256,5951.61,657.54,388.51,0,0,41.5847,1158.67,619.26
./suiteSparse_dataset/lowThrust_6/lowThrust_6.mtx,16928,16928,108376,99.96%,256,2429.96,435.37,52.27,0,0,2.90001,1547.56,98.9
./suiteSparse_dataset/wang4/wang4.mtx,26068,26068,177196,99.97%,256,2277.58,910.68,90.28,0,0,351.236,1600.08,36.33
./suiteSparse_dataset/crystm02/crystm02.mtx,13965,13965,168435,99.91%,256,2575.46,782.8,79.49,0,0,290.558,1859.7,217.83
./suiteSparse_dataset/pltexpa/pltexpa_A_5.mtx,26894,70364,143059,99.99%,256,753.74,286.23,67.2,0,0,175.021,736.883,10.55
./suiteSparse_dataset/tandem_vtx/tandem_vtx.mtx,18454,18454,135902,99.96%,256,2199.06,636.71,65.75,0,0,240.659,1956.49,100.88
./suiteSparse_dataset/cz40948/cz40948.mtx,40948,40948,412148,99.97%,256,2415.87,1127.99,193.11,0,0,594.255,1972.15,34.25
./suiteSparse_dataset/c-51/c-51.mtx,23196,23196,113123,99.97%,256,2071.85,336.36,48.61,0,0,26.3521,1849.85,52.31
./suiteSparse_dataset/soc-Slashdot0811/soc-Slashdot0811.mtx,77360,77360,905468,99.98%,256,1554.18,510.15,468.76,0,0,31.7495,952.145,21.07
./suiteSparse_dataset/baxter/baxter.mtx,27441,30733,111576,99.98%,256,1805.44,151.81,47.96,0,0,0.787599,1331.63,18.5
./suiteSparse_dataset/human_gene1/human_gene1.mtx,22283,22283,12345963,97.51%,256,6297.03,478.52,649.76,0,0,55.7871,1719.26,2499.56
./suiteSparse_dataset/TSOPF_RS_b2052_c1/TSOPF_RS_b2052_c1.mtx,25626,25626,6761100,98.97%,256,16006.4,746.15,5160.28,0,0,673.912,7373.13,1295.08
./suiteSparse_dataset/vsp_bump2_e18_aa01_model1_crew1/vsp_bump2_e18_aa01_model1_crew1.mtx,56438,56438,300801,99.99%,256,1814.24,633.75,139.62,0,0,19.2901,1272.81,26.34
./suiteSparse_dataset/ex35/ex35.mtx,19716,19716,228208,99.94%,256,3126.14,1064.87,109.94,0,0,468.307,2291.03,80.64
./suiteSparse_dataset/copter1/copter1.mtx,17222,17222,114143,99.96%,256,2229.36,671.6,55.68,0,0,317.371,1850.42,96.67
./suiteSparse_dataset/mosfet2/mosfet2.mtx,46994,46994,1499460,99.93%,256,3183.57,1517.1,587.05,0,0,334.098,1073.89,92.17
./suiteSparse_dataset/tube1/tube1.mtx,21498,21498,459277,99.90%,256,5148.85,1493.83,228.44,0,0,1027.73,5865.81,262.22
./suiteSparse_dataset/bayer01/bayer01.mtx,57735,57735,277774,99.99%,256,1036.47,467.8,126.36,0,0,424.032,1370.14,11.65
./suiteSparse_dataset/mark3jac060sc/mark3jac060sc.mtx,27449,27449,170695,99.97%,256,2390.69,881.12,86.58,0,0,177.274,1563.43,31.53
./suiteSparse_dataset/k3plates/k3plates.mtx,11107,11107,378927,99.69%,256,6815.23,912.34,177.93,0,0,497.846,4379.47,396.12
./suiteSparse_dataset/TSOPF_RS_b162_c4/TSOPF_RS_b162_c4.mtx,20374,20374,812749,99.80%,256,9277.96,1087.38,407.68,0,0,927.82,5007.55,267.04
./suiteSparse_dataset/lhr14c/lhr14c.mtx,14270,14270,307858,99.84%,256,5897.66,1012.21,148.26,0,0,510.273,3031.22,201.95
./suiteSparse_dataset/c-72/c-72.mtx,84064,84064,395811,99.99%,256,910.33,421.98,136.14,0,0,19.2283,1066.13,14.01
./suiteSparse_dataset/Pres_Poisson/Pres_Poisson.mtx,14822,14822,365313,99.83%,256,5279.09,890.41,173.42,0,0,499.239,4241.8,425.36
./suiteSparse_dataset/g7jac200/g7jac200.mtx,59310,59310,837936,99.97%,256,2607.14,695.09,467.41,0,0,309.095,1696.41,33.1
./suiteSparse_dataset/viscoplastic2/viscoplastic2_C_5.mtx,32769,32769,381326,99.96%,256,2542.17,505.59,186.12,0,0,74.4505,1574.51,46.54
./suiteSparse_dataset/TSOPF_RS_b678_c2/TSOPF_RS_b678_c2.mtx,35696,35696,8781949,99.31%,256,15955.6,1068.14,242.58,0,0,943.602,7420.96,844.89
./suiteSparse_dataset/scagr7-2r/scagr7-2r_A_11.mtx,32847,46679,120141,99.99%,256,996.19,427.39,57.73,0,0,466.355,1348.95,10.36
./suiteSparse_dataset/TF17/TF17.mtx,38132,48630,586218,99.96%,256,1998.02,1147.73,274.23,0,0,258.856,1059.08,43.85
./suiteSparse_dataset/g7jac120sc/g7jac120sc.mtx,35550,35550,475296,99.96%,256,3864.19,1341.96,226.6,0,0,192.876,1626.68,52.19
./suiteSparse_dataset/wy2010/wy2010.mtx,86204,86204,213793,99.99%,256,673.58,387.24,95.19,0,0,204.03,1002.86,8.03
./suiteSparse_dataset/soc-sign-Slashdot090221/soc-sign-Slashdot090221.mtx,82144,82144,549202,99.99%,256,1663.24,509.82,240.86,0,0,66.3438,851.064,11.42
./suiteSparse_dataset/net150/net150.mtx,43520,43520,1582360,99.91%,256,3930.35,1260.61,669.95,0,0,93.6885,1754.56,218.76
./suiteSparse_dataset/inlet/inlet.mtx,11730,11730,328323,99.76%,256,4974.59,964.1,150.02,0,0,570.609,3702.67,307.53
./suiteSparse_dataset/IG5-18/IG5-18.mtx,47894,41550,1790490,99.91%,256,2370.88,1529.85,683.75,0,0,248.895,1158.66,121.04
./suiteSparse_dataset/lhr10c/lhr10c.mtx,10672,10672,232633,99.79%,256,4949.64,766.5,111.78,0,0,398.222,2829.17,271.01
./suiteSparse_dataset/mark3jac120sc/mark3jac120sc.mtx,54929,54929,342475,99.98%,256,1348.33,535.67,156.46,0,0,299.995,1598.42,15.84
./suiteSparse_dataset/sme3Dc/sme3Dc.mtx,42930,42930,3148656,99.82%,256,4608.69,1077.96,1247.61,0,0,125.947,1084.94,220.96
./suiteSparse_dataset/email-Enron/email-Enron.mtx,36692,36692,183831,99.98%,256,2142.55,543.54,84.24,0,0,20.6674,1250.78,37.96
./suiteSparse_dataset/TSOPF_RS_b39_c7/TSOPF_RS_b39_c7.mtx,14098,14098,252446,99.87%,256,5487.96,694.87,120.71,0,0,606.534,2964.5,174.15
./suiteSparse_dataset/mark3jac140sc/mark3jac140sc.mtx,64089,64089,399735,99.99%,256,1325.38,601.51,180.33,0,0,323.171,1554.02,13.58
