file,M,N,NNZ,Sparsity,alpha,K,BSMR,BSMR_Only_Tensor_core,BSMR_Only_CUDA_Core
./suiteSparse_dataset/c-63/c-63.mtx,44234,44234,239469,99.98,0.3,128,2115.45,615.92,2002.25
./suiteSparse_dataset/HEP-th/HEP-th.mtx,27240,27240,342437,99.95,0.1,128,2183.91,1244.32,2183.91
./suiteSparse_dataset/li/li.mtx,22695,22695,1350309,99.73,0.3,128,4477.15,3759.21,3665.33
./suiteSparse_dataset/e40r0100/e40r0100.mtx,17281,17281,553562,99.81,0.3,128,5427.08,4193.65,3781.16
./suiteSparse_dataset/g7jac180sc/g7jac180sc.mtx,53370,53370,747276,99.97,0.5,128,3728.92,2591.11,3188.04
./suiteSparse_dataset/Trefethen_20000/Trefethen_20000.mtx,20000,20000,287233,99.92,0.3,128,2279.63,1666.08,2099.66
./suiteSparse_dataset/c-62ghs/c-62ghs.mtx,41731,41731,300537,99.98,0.3,128,2496.15,587.45,2385.21
./suiteSparse_dataset/chem_master1/chem_master1.mtx,40401,40401,201201,99.98,0.1,128,2186.97,1617.37,2168.11
./suiteSparse_dataset/soc-sign-Slashdot090216/soc-sign-Slashdot090216.mtx,81871,81871,545671,99.99,0.1,128,1957.21,768.12,1957.21
./suiteSparse_dataset/TSOPF_RS_b300_c2/TSOPF_RS_b300_c2.mtx,28338,28338,2943887,99.63,0.1,128,12516.5,11928.2,4742.09
./suiteSparse_dataset/sinc15/sinc15.mtx,11532,11532,568526,99.57,0.7,128,3820.74,2738.56,3110.1
./suiteSparse_dataset/lhr34c/lhr34c.mtx,35152,35152,764014,99.93,0.1,128,6474.69,4116.45,4116.45
./suiteSparse_dataset/crankseg_2/crankseg_2.mtx,63838,63838,7106348,99.82,0.3,128,5468.1,4724.97,3944.46
./suiteSparse_dataset/LeGresley_87936/LeGresley_87936.mtx,87936,87936,593276,99.99,0.9,128,1615.68,1084.2,1613.92
./suiteSparse_dataset/lhr34/lhr34.mtx,35152,35152,764014,99.93,0.1,128,6474.69,4107.6,4107.6
./suiteSparse_dataset/g7jac080/g7jac080.mtx,23670,23670,293976,99.94,0.5,128,3209.35,2167.96,2692.09
./suiteSparse_dataset/net75/net75.mtx,23120,23120,756160,99.85,0.7,128,4533.33,3281.94,3540.07
./suiteSparse_dataset/Dubcova2/Dubcova2.mtx,65025,65025,547625,99.98,0.3,128,2418.84,1531.39,2293.24
./suiteSparse_dataset/ASIC_100ks/ASIC_100ks.mtx,99190,99190,578890,99.99,0.9,128,1320.46,481.61,1318.06
./suiteSparse_dataset/wathen100/wathen100.mtx,30401,30401,251001,99.97,0.3,128,2451.18,1930.78,2441.64
./suiteSparse_dataset/net100/net100.mtx,29920,29920,1031560,99.88,0.9,128,4723.26,3542.44,3809.31
./suiteSparse_dataset/g7jac160sc/g7jac160sc.mtx,47430,47430,656616,99.97,0.5,128,3680.58,2630.67,3156.81
./suiteSparse_dataset/Zhao1/Zhao1.mtx,33861,33861,166453,99.98,0.1,128,1833.18,1080.86,1825.14
./suiteSparse_dataset/pkustk07/pkustk07.mtx,16860,16860,1217832,99.57,0.3,128,6505.51,5555.8,4240.36
./suiteSparse_dataset/lp_nug20/lp_nug20.mtx,15240,72600,304800,99.97,0.1,128,1854.01,1353.46,1784.54
./suiteSparse_dataset/c-54/c-54.mtx,31793,31793,211743,99.97,0.5,128,2771.51,1112.1,2406.17
./suiteSparse_dataset/foldoc/foldoc.mtx,13356,13356,120238,99.93,0.3,128,2087.47,1306.93,2087.47
./suiteSparse_dataset/airfoil_2d/airfoil_2d.mtx,14214,14214,259688,99.87,0.3,128,2822.7,2061.02,2576.27
./suiteSparse_dataset/lhr17c/lhr17c.mtx,17576,17576,381975,99.87,0.1,128,5822.79,3589.99,3658.76
./suiteSparse_dataset/pcrystk03/pcrystk03.mtx,24696,24696,887937,99.85,0.5,128,4804.85,3956.94,3669.16
./suiteSparse_dataset/conf6_0-8x8-30/conf6_0-8x8-30.mtx,49152,49152,1916928,99.92,0.5,128,4940.54,4218.59,3899.37
./suiteSparse_dataset/chipcool1/chipcool1.mtx,20082,20082,281150,99.93,0.3,128,2603.24,1770.47,2312.09
./suiteSparse_dataset/lowThrust_13/lowThrust_13.mtx,18476,18476,117580,99.96,0.3,128,2055.59,1380.05,1933.88
./suiteSparse_dataset/vsp_vibrobox_scagr7-2c_rlfddd/vsp_vibrobox_scagr7-2c_rlfddd.mtx,77328,77328,435586,99.99,0.3,128,2526.6,1373.22,2526.6
./suiteSparse_dataset/soc-sign-Slashdot081106/soc-sign-Slashdot081106.mtx,77357,77357,516575,99.99,0.1,128,1983.77,798.66,1983.77
./suiteSparse_dataset/c-66b/c-66b.mtx,49989,49989,274498,99.98,0.3,128,2459.66,695.99,2342.13
./suiteSparse_dataset/t3dh_e/t3dh_e.mtx,79171,79171,2215638,99.96,0.5,128,3108.36,1972.61,3070.45
./suiteSparse_dataset/smt/smt.mtx,25710,25710,1889447,99.71,0.5,128,5531.17,4728.35,4089.71
./suiteSparse_dataset/Si5H12/Si5H12.mtx,19896,19896,379247,99.9,0.3,128,2604.72,1862.71,2431.07
./suiteSparse_dataset/nug08-3rd/nug08-3rd.mtx,19728,29856,148416,99.97,0.3,128,1855.2,1181.66,1758.48
./suiteSparse_dataset/nd6k/nd6k.mtx,18000,18000,3457658,98.93,0.3,128,7319.34,6664.72,4403.54
./suiteSparse_dataset/G_n_pin_pout/G_n_pin_pout.mtx,100000,100000,501198,99.99,0.9,128,1220.05,666.13,1217.68
./suiteSparse_dataset/fome12/fome12.mtx,24284,48920,142528,99.98,0.1,128,1472.4,786.58,1460.33
./suiteSparse_dataset/rim/rim.mtx,22560,22560,1014951,99.8,0.3,128,5689.19,4467.21,4112.44
./suiteSparse_dataset/conf5_4-8x8-10/conf5_4-8x8-10.mtx,49152,49152,1916928,99.92,0.5,128,4925.3,4214.88,3893.03
./suiteSparse_dataset/south31/south31.mtx,18425,36321,112398,99.98,0.1,128,2341.63,1426.37,2322.27
./suiteSparse_dataset/world/world.mtx,34506,67147,198883,99.99,0.1,128,1788.52,520.09,1788.52
./suiteSparse_dataset/epb3/epb3.mtx,84617,84617,463625,99.99,0.7,128,1648.74,817.39,1646.4
./suiteSparse_dataset/rajat15/rajat15.mtx,37261,37261,443573,99.96,0.3,128,2941.47,443.93,2678.58
./suiteSparse_dataset/sc205-2r/sc205-2r_A_12.mtx,35213,62423,123239,99.99,0.1,128,1702.2,1149.62,1556.05
./suiteSparse_dataset/invextr1_new/invextr1_new.mtx,30412,30412,1793881,99.8,0.5,128,4939.1,4175.7,3968.76
./suiteSparse_dataset/tomographic1/tomographic1.mtx,73159,59498,647495,99.98,0.3,128,2537.21,1550.51,2537.21
./suiteSparse_dataset/rgg_n_2_16_s0/rgg_n_2_16_s0.mtx,65536,65536,342127,99.99,0.3,128,2215.85,1106.49,2204.43
./suiteSparse_dataset/n4c6-b5/n4c6-b5.mtx,51813,20058,310878,99.97,0.3,128,2056.07,1253.54,2039.88
./suiteSparse_dataset/soc-Epinions1/soc-Epinions1.mtx,75888,75888,508837,99.99,0.1,128,1969.18,398.03,1966.14
./suiteSparse_dataset/laminar_duct3D/laminar_duct3D.mtx,67173,67173,3833077,99.91,0.5,128,4397.75,3315.81,3516.58
./suiteSparse_dataset/Wordnet3/Wordnet3.mtx,82670,82670,132964,99.99,0.1,128,1068.84,559.61,1058.63
./suiteSparse_dataset/bbmat/bbmat.mtx,38744,38744,1771722,99.88,0.5,128,5937.41,4888.86,4206.37
./suiteSparse_dataset/light_in_tissue/light_in_tissue.mtx,29282,29282,406084,99.95,0.5,128,3339.51,2411.43,3306.87
./suiteSparse_dataset/lowThrust_7/lowThrust_7.mtx,17378,17378,110607,99.96,0.3,128,2143.55,1298.2,2003.75
./suiteSparse_dataset/cfd1/cfd1.mtx,70656,70656,949510,99.98,0.3,128,2569.02,1423.98,2519.93
./suiteSparse_dataset/TSOPF_FS_b162_c3/TSOPF_FS_b162_c3.mtx,30798,30798,904612,99.9,0.7,128,8376.04,6811.84,4496.08
./suiteSparse_dataset/lowThrust_11/lowThrust_11.mtx,18368,18368,117002,99.96,0.1,128,2059.89,1323.55,1937.12
./suiteSparse_dataset/mark3jac080sc/mark3jac080sc.mtx,36609,36609,227955,99.98,0.3,128,2335.6,1583.02,2335.6
./suiteSparse_dataset/appu/appu.mtx,14000,14000,1853104,99.05,0.1,128,2117.35,1399.63,2117.35
./suiteSparse_dataset/TEM27623/TEM27623_M.mtx,27623,27623,233546,99.96,0.3,128,2194.98,1500.94,2154.48
./suiteSparse_dataset/Si34H36/Si34H36.mtx,97569,97569,2626974,99.97,0.3,128,3145.32,1402.7,2801.81
./suiteSparse_dataset/jan99jac060sc/jan99jac060sc.mtx,20614,20614,127182,99.97,0.1,128,1938.75,1308.46,1709.44
./suiteSparse_dataset/pltexpa/pltexpa.mtx,26894,70364,143059,99.99,0.1,128,1663.48,1142.64,1655.78
./suiteSparse_dataset/onetone1/onetone1.mtx,36057,36057,341088,99.97,0.5,128,2823.58,1987.69,2733.08
./suiteSparse_dataset/soc-Slashdot0902/soc-Slashdot0902.mtx,82168,82168,948464,99.98,0.1,128,1740.94,527.51,1737.11
./suiteSparse_dataset/jan99jac120sc/jan99jac120sc.mtx,41374,41374,260202,99.98,0.3,128,2266.57,1288.13,2105.19
./suiteSparse_dataset/Goodwin_054/Goodwin_054.mtx,32510,32510,1030878,99.9,0.3,128,5437.12,4899.61,3946.7
./suiteSparse_dataset/lhr71/lhr71.mtx,70304,70304,1528092,99.96,0.3,128,5020.01,3237.48,3088.3
./suiteSparse_dataset/psse0/psse0.mtx,26722,11028,102432,99.96,0.9,128,2188.72,1471.72,2048.64
./suiteSparse_dataset/waveguide3D/waveguide3D.mtx,21036,21036,303468,99.93,0.3,128,2895.69,1925.56,2545.87
./suiteSparse_dataset/hvdc1/hvdc1.mtx,24842,24842,159981,99.97,0.1,128,2311.86,1746.52,2298.58
./suiteSparse_dataset/opt1/opt1.mtx,15449,15449,973052,99.59,0.3,128,7394.01,6401.66,4391.03
./suiteSparse_dataset/ABACUS_shell_hd/ABACUS_shell_hd_K.mtx,23412,23412,216082,99.96,0.3,128,2260.27,1714.94,2126.79
./suiteSparse_dataset/c-55/c-55.mtx,32780,32780,218115,99.97,0.3,128,2360.55,769.09,2225.66
./suiteSparse_dataset/fe_rotor/fe_rotor.mtx,99617,99617,662431,99.99,0.3,128,1557.93,861.64,1547.74
./suiteSparse_dataset/t3dh/t3dh_E.mtx,79171,79171,2215638,99.96,0.5,128,3117.1,1971.21,3077.27
./suiteSparse_dataset/mk12-b3/mk12-b3.mtx,51975,13860,207900,99.97,0.3,128,2014.54,1408.54,1910.85
./suiteSparse_dataset/psse2/psse2.mtx,28634,11028,115262,99.96,0.5,128,2268.94,1462.72,2118.79
./suiteSparse_dataset/bcsstk17/bcsstk17.mtx,10974,10974,219812,99.81,0.5,128,3545.35,2399.69,3104.69
./suiteSparse_dataset/ACTIVSg10K/ACTIVSg10K.mtx,20000,20000,137736,99.96,0.3,128,2477.27,1609.07,2374.76
./suiteSparse_dataset/c-68/c-68.mtx,64810,64810,315408,99.99,0.3,128,2142.72,539.34,2037.52
./suiteSparse_dataset/cage10/cage10.mtx,11397,11397,150645,99.88,0.3,128,2024.8,1289.77,2024.8
./suiteSparse_dataset/c-57/c-57.mtx,37833,37833,221515,99.98,0.1,128,2575.76,1936.32,2418.29
./suiteSparse_dataset/net4-1/net4-1.mtx,88343,88343,1265035,99.98,0.7,128,2128.26,1427.8,2123.97
./suiteSparse_dataset/lowThrust_8/lowThrust_8.mtx,17702,17702,113139,99.96,0.3,128,2064.58,1334.19,1964.22
./suiteSparse_dataset/vsp_barth5_1Ksep_50in_5Kout/vsp_barth5_1Ksep_50in_5Kout.mtx,32212,32212,101805,99.99,0.1,128,1325.59,893.03,1305.19
./suiteSparse_dataset/g7jac120/g7jac120.mtx,35550,35550,475296,99.96,0.5,128,3622.68,2600.09,3160.21
./suiteSparse_dataset/TSOPF_FS_b162_c1/TSOPF_FS_b162_c1.mtx,10798,10798,305732,99.73,0.9,128,5620.07,3960.26,3879.85
./suiteSparse_dataset/ABACUS_shell_ld/ABACUS_shell_ld.mtx,23412,23412,218484,99.96,0.3,128,2266.43,1734,2167.5
./suiteSparse_dataset/ABACUS_shell_ld/ABACUS_shell_ld_M.mtx,23412,23412,206474,99.96,0.3,128,2205.92,1654.44,2064.74
./suiteSparse_dataset/sinc18/sinc18.mtx,16428,16428,973826,99.63,0.9,128,3978.05,2847.44,3174.14
./suiteSparse_dataset/ckt11752_dc_1/ckt11752_dc_1.mtx,49702,49702,333029,99.98,0.3,128,2500.22,309.39,2485.29
./suiteSparse_dataset/IG5-17/IG5-17.mtx,30162,27944,1035008,99.87,0.3,128,2322.73,1607.16,2322.73
./suiteSparse_dataset/fome13/fome13.mtx,48568,97840,285056,99.99,0.1,128,1487.77,574.71,1484.67
./suiteSparse_dataset/TSOPF_RS_b300_c3/TSOPF_RS_b300_c3.mtx,42138,42138,4413449,99.75,0.1,128,11889.7,10870.6,4068.44
./suiteSparse_dataset/mark3jac100/mark3jac100.mtx,45769,45769,285215,99.98,0.3,128,2249.33,1434.68,2207.55
./suiteSparse_dataset/Zd_Jac3/Zd_Jac3.mtx,22835,22835,1916152,99.63,0.7,128,6430.04,4382.78,4335.19
./suiteSparse_dataset/jan99jac080/jan99jac080.mtx,27534,27534,171522,99.97,0.1,128,2061.56,1356.98,2041.93
./suiteSparse_dataset/H2O/H2O.mtx,67024,67024,1141880,99.97,0.3,128,2328.47,1287.64,2319.01
./suiteSparse_dataset/ted_AB/ted_AB.mtx,10605,10605,522387,99.53,0.3,128,6562.65,4909.65,3910.08
./suiteSparse_dataset/scfxm1-2r/scfxm1-2r.mtx,37980,65943,221388,99.99,0.1,128,2222.77,1475.92,2213.88
./suiteSparse_dataset/mark3jac120/mark3jac120.mtx,54929,54929,342475,99.98,0.3,128,2283.17,1361.19,2277.09
./suiteSparse_dataset/Andrews/Andrews.mtx,60000,60000,410077,99.98,0.1,128,1870.79,987.66,1867.38
./suiteSparse_dataset/conf5_4-8x8-20/conf5_4-8x8-20.mtx,49152,49152,1916928,99.92,0.5,128,4925.3,4214.88,3899.37
./suiteSparse_dataset/denormal/denormal.mtx,89400,89400,622812,99.99,0.9,128,1552.37,1088.83,1550.83
./suiteSparse_dataset/poisson3Da/poisson3Da.mtx,13514,13514,352762,99.8,0.3,128,3206.93,2351.75,2790.84
./suiteSparse_dataset/gas_sensor/gas_sensor.mtx,66917,66917,885141,99.98,0.5,128,2662.88,1483.15,2653.3
./suiteSparse_dataset/thread/thread.mtx,29736,29736,2249892,99.74,0.3,128,5710.39,4960.08,4210.13
./suiteSparse_dataset/TSOPF_FS_b300_c3/TSOPF_FS_b300_c3.mtx,84414,84414,6578753,99.9,0.7,128,10253.7,9760.76,4118.93
./suiteSparse_dataset/bcsstk30/bcsstk30.mtx,28924,28924,1036208,99.87,0.3,128,3973.19,3033.4,3312.69
./suiteSparse_dataset/mixtank_new/mixtank_new.mtx,29957,29957,1995041,99.77,0.5,128,4977.65,4449.24,4058.26
./suiteSparse_dataset/c-53/c-53.mtx,30235,30235,201224,99.97,0.1,128,2842.15,1716.93,2540.71
./suiteSparse_dataset/bcsstk36/bcsstk36.mtx,23052,23052,583096,99.89,0.3,128,4060.56,3155.28,3225.09
./suiteSparse_dataset/vsp_model1_crew1_cr42_south31/vsp_model1_crew1_cr42_south31.mtx,45101,45101,189976,99.99,0.1,128,2083.07,1249.84,2073.97
./suiteSparse_dataset/ted_AB_unscaled/ted_AB_unscaled.mtx,10605,10605,522387,99.53,0.3,128,6497.35,4928.18,3886.81
./suiteSparse_dataset/bcsstk39/bcsstk39.mtx,46772,46772,1068033,99.95,0.5,128,3979.26,3101.14,3458.66
./suiteSparse_dataset/brack2/brack2.mtx,62631,62631,366559,99.99,0.3,128,2171.56,1145.5,2151.17
./suiteSparse_dataset/cz10228/cz10228.mtx,10228,10228,102876,99.9,0.7,128,2143.25,1504.03,2143.25
./suiteSparse_dataset/vsp_sctap1-2b_and_seymourl/vsp_sctap1-2b_and_seymourl.mtx,40174,40174,140831,99.99,0.1,128,1402.7,633.23,1402.7
./suiteSparse_dataset/cvxbqp1/cvxbqp1.mtx,50000,50000,199984,99.99,0.1,128,1672.11,1084.51,1672.11
./suiteSparse_dataset/rgg_n_2_15_s0/rgg_n_2_15_s0.mtx,32768,32768,160240,99.98,0.3,128,1898.58,1371.92,1898.58
./suiteSparse_dataset/pkustk11/pkustk11.mtx,87804,87804,2652858,99.96,0.9,128,3454.24,2267.4,3158.16
./suiteSparse_dataset/ex19/ex19.mtx,12005,12005,259879,99.81,0.5,128,3248.49,2641.05,2980.26
./suiteSparse_dataset/Ga3As3H12/Ga3As3H12.mtx,61349,61349,3016148,99.91,0.3,128,4993.62,3017.36,3393.51
./suiteSparse_dataset/Goodwin_030/Goodwin_030.mtx,10142,10142,312814,99.69,0.3,128,4857.36,3491.23,3671.53
./suiteSparse_dataset/c-61/c-61.mtx,43618,43618,176817,99.99,0.1,128,1826.62,504.61,1826.62
./suiteSparse_dataset/lp_pds_10/lp_pds_10.mtx,16558,49932,107605,99.98,0.1,128,1470.01,807.85,1438.57
./suiteSparse_dataset/g7jac060sc/g7jac060sc.mtx,17730,17730,203316,99.93,0.5,128,3025.54,1985.51,2689.37
./suiteSparse_dataset/graphics/graphics.mtx,29493,11822,117954,99.96,0.3,128,2378.1,1694.74,2217.18
./suiteSparse_dataset/windtunnel_evap3d/windtunnel_evap3d.mtx,40816,40816,2730600,99.83,0.5,128,3794.61,3053,3280.39
./suiteSparse_dataset/water_tank/water_tank.mtx,60740,60740,2035281,99.94,0.5,128,3730.35,2601.33,3150.59
./suiteSparse_dataset/conf6_0-8x8-20/conf6_0-8x8-20.mtx,49152,49152,1916928,99.92,0.5,128,4930.37,4218.59,3899.37
./suiteSparse_dataset/sc205-2r/sc205-2r.mtx,35213,62423,123239,99.99,0.1,128,1711.65,1149.62,1702.2
./suiteSparse_dataset/ct2010/ct2010.mtx,67578,67578,168176,99.99,0.1,128,1580.6,1018.01,1574.68
./suiteSparse_dataset/Goodwin_040/Goodwin_040.mtx,17922,17922,561677,99.82,0.3,128,5550.17,4360.85,3774.71
./suiteSparse_dataset/gupta2/gupta2.mtx,62064,62064,2155175,99.94,0.7,128,5624.15,4219.22,3330
./suiteSparse_dataset/k49_norm_10NN/k49_norm_10NN.mtx,38547,38547,309079,99.97,0.1,128,1898.52,1201.71,1893.87
./suiteSparse_dataset/ak2010/ak2010.mtx,45292,45292,108549,99.99,0.1,128,1435.83,723.66,1435.83
./suiteSparse_dataset/ted_A_unscaled/ted_A_unscaled.mtx,10605,10605,424587,99.62,0.5,128,6135.65,4497.74,3832.01
./suiteSparse_dataset/TSOPF_RS_b2383_c1/TSOPF_RS_b2383_c1.mtx,38120,38120,16171169,98.88,0.9,128,14140.6,13751,4516.58
./suiteSparse_dataset/ship_001/ship_001.mtx,34920,34920,2339575,99.8,0.3,128,7655.68,7150.29,4612.73
./suiteSparse_dataset/OPF_6000/OPF_6000.mtx,29902,29902,166160,99.98,0.1,128,2186.32,1494.24,2163.54
./suiteSparse_dataset/dbir1/dbir1.mtx,18804,45775,1077025,99.87,0.3,128,4465.28,3604.5,4168.05
./suiteSparse_dataset/ABACUS_shell_hd/ABACUS_shell_hd.mtx,23412,23412,218484,99.96,0.3,128,2285.4,1739.52,2158.93
./suiteSparse_dataset/c-66/c-66.mtx,49989,49989,274498,99.98,0.3,128,2459.66,698.11,2350.15
./suiteSparse_dataset/IG5-16/IG5-16.mtx,18846,18485,588326,99.83,0.3,128,2312.6,1609.21,2290.99
./suiteSparse_dataset/g7jac080sc/g7jac080sc.mtx,23670,23670,293976,99.94,0.5,128,3340.64,2155.25,2692.09
./suiteSparse_dataset/vfem/vfem.mtx,93476,93476,1434636,99.98,0.3,128,2410.34,1309.93,2405.49
./suiteSparse_dataset/ch7-7-b5/ch7-7-b5.mtx,35280,52920,211680,99.98,0.3,128,2019.85,1173.39,2004.55
./suiteSparse_dataset/t3dl_a/t3dl_a.mtx,20360,20360,265113,99.93,0.5,128,2599.15,1955.11,2392.72
./suiteSparse_dataset/stokes128/stokes128.mtx,49666,49666,295938,99.98,0.1,128,2700.16,1749.04,2690.35
./suiteSparse_dataset/venkat25/venkat25.mtx,62424,62424,1717792,99.95,0.3,128,4169.4,3954.4,3446.61
./suiteSparse_dataset/g7jac140/g7jac140.mtx,41490,41490,565956,99.96,0.5,128,3591.09,2540.2,3089.28
./suiteSparse_dataset/lpl1/lpl1.mtx,32460,32460,180248,99.98,0.3,128,1726.51,942.72,1726.51
./suiteSparse_dataset/case39/case39_A_04.mtx,40216,40216,526144,99.96,0.7,128,4982.42,4022.51,3452.39
./suiteSparse_dataset/crankseg_1/crankseg_1.mtx,52804,52804,5333507,99.8,0.3,128,5894.68,5266.1,3871.59
./suiteSparse_dataset/pkustk06/pkustk06.mtx,43164,43164,1307466,99.92,0.3,128,5107.29,4323.63,4025.45
./suiteSparse_dataset/ncvxqp3/ncvxqp3.mtx,75000,75000,274982,99.99,0.1,128,1573.12,823.3,1551.82
./suiteSparse_dataset/uni_chimera_i2/uni_chimera_i2_A_11.mtx,100000,100000,448987,99.99,0.3,128,1048.06,673.75,1039.32
./suiteSparse_dataset/Dubcova1/Dubcova1.mtx,16129,16129,134569,99.94,0.3,128,2273.12,1625.23,2002.51
./suiteSparse_dataset/uni_chimera_i2/uni_chimera_i2_A_15.mtx,100000,100000,448987,99.99,0.3,128,1046.1,673.35,1046.1
./suiteSparse_dataset/uni_chimera_i2/uni_chimera_i2_A_06.mtx,100000,100000,448987,99.99,0.3,128,1044.16,674.15,1037.4
./suiteSparse_dataset/uni_chimera_i2/uni_chimera_i2_A_09.mtx,100000,100000,448987,99.99,0.9,128,1045.13,655.65,1042.22
./suiteSparse_dataset/tube2/tube2.mtx,21498,21498,459277,99.9,0.3,128,4744.6,3377.04,3500.59
./suiteSparse_dataset/uni_chimera_i2/uni_chimera_i2_A_01.mtx,100000,100000,448987,99.99,0.3,128,1043.19,672.94,1042.22
./suiteSparse_dataset/uni_chimera_i2/uni_chimera_i2_A_03.mtx,100000,100000,448987,99.99,0.3,128,1045.13,673.75,1043.19
./suiteSparse_dataset/2D_27628_bjtcai/2D_27628_bjtcai.mtx,27628,27628,442898,99.94,0.3,128,3515.06,2992.55,3460.14
./suiteSparse_dataset/pkustk01/pkustk01.mtx,22044,22044,500712,99.89,0.3,128,4286.92,3448.43,3546.12
./suiteSparse_dataset/me2010/me2010.mtx,69518,69518,167738,99.99,0.1,128,1570.58,953.06,1564.72
./suiteSparse_dataset/igbt3/igbt3.mtx,10938,10938,234006,99.8,0.5,128,3589.05,2671.3,3323.95
./suiteSparse_dataset/uni_chimera_i2/uni_chimera_i2_A_22.mtx,100000,100000,448987,99.99,0.3,128,1046.1,672.94,1038.36
./suiteSparse_dataset/c-67b/c-67b.mtx,57975,57975,294955,99.99,0.3,128,2441.68,1420.79,2290.02
./suiteSparse_dataset/c-47/c-47.mtx,15343,15343,113372,99.95,0.1,128,2231.73,1318.28,2231.73
./suiteSparse_dataset/uni_chimera_i2/uni_chimera_i2.mtx,100000,100000,448987,99.99,0.3,128,1047.08,673.35,1043.19
./suiteSparse_dataset/rma10/rma10.mtx,46835,46835,2374001,99.89,0.3,128,6354.39,5500.47,3709.38
./suiteSparse_dataset/uni_chimera_i2/uni_chimera_i2_A_17.mtx,100000,100000,448987,99.99,0.3,128,1048.06,673.75,1044.16
./suiteSparse_dataset/uni_chimera_i2/uni_chimera_i2_A_10.mtx,100000,100000,448987,99.99,0.7,128,1045.13,652.98,1040.29
./suiteSparse_dataset/uni_chimera_i2/uni_chimera_i2_A_14.mtx,100000,100000,448987,99.99,0.3,128,1048.06,672.94,1045.13
./suiteSparse_dataset/Zd_Jac6/Zd_Jac6.mtx,22835,22835,1711983,99.67,0.7,128,6011.18,3948.3,4225.03
./suiteSparse_dataset/t3dl/t3dl.mtx,20360,20360,265113,99.93,0.5,128,2599.15,1955.11,2401.39
./suiteSparse_dataset/ncvxqp7/ncvxqp7.mtx,87500,87500,312481,99.99,0.3,128,1479.55,793.1,1479.55
./suiteSparse_dataset/poisson3Db/poisson3Db.mtx,85623,85623,2374949,99.96,0.3,128,2860.01,1363.03,2857.25
./suiteSparse_dataset/case39/case39_A_11.mtx,40216,40216,526144,99.96,0.7,128,4963.62,4047.26,3452.39
./suiteSparse_dataset/case39/case39_A_07.mtx,40216,40216,526144,99.96,0.7,128,4963.62,4084.97,3443.35
./suiteSparse_dataset/bcsstk37/bcsstk37.mtx,25503,25503,583240,99.91,0.3,128,3837.11,3025.1,3149.24
./suiteSparse_dataset/pkustk05/pkustk05.mtx,37164,37164,1121154,99.91,0.3,128,5474.38,4943.36,4085.84
./suiteSparse_dataset/case39/case39.mtx,40216,40216,526139,99.96,0.7,128,4963.58,4034.81,3461.44
./suiteSparse_dataset/case39/case39_A_06.mtx,40216,40216,526144,99.96,0.7,128,4963.62,4010.24,3461.47
./suiteSparse_dataset/case39/case39_A_09.mtx,40216,40216,526144,99.96,0.7,128,4963.62,4010.24,3443.35
./suiteSparse_dataset/pltexpa/pltexpa_A_4.mtx,28350,74172,150801,99.99,0.1,128,1590.73,1170.82,1577.42
./suiteSparse_dataset/case39/case39_A_13.mtx,40216,40216,526144,99.96,0.7,128,5001.37,4022.51,3479.79
./suiteSparse_dataset/uni_chimera_i2/uni_chimera_i2_A_13.mtx,100000,100000,448987,99.99,0.3,128,1046.1,670.53,1046.1
./suiteSparse_dataset/mark3jac040sc/mark3jac040sc.mtx,18289,18289,113435,99.96,0.3,128,2040.2,1337.68,2040.2
./suiteSparse_dataset/g7jac060/g7jac060.mtx,17730,17730,203316,99.93,0.5,128,2989.94,1977.78,2661.2
./suiteSparse_dataset/case39/case39_A_12.mtx,40216,40216,526144,99.96,0.7,128,4963.62,4034.85,3452.39
./suiteSparse_dataset/ckt11752_tr_0/ckt11752_tr_0.mtx,49702,49702,333029,99.98,0.3,128,2515.32,311.01,2515.32
./suiteSparse_dataset/208bit/208bit.mtx,24430,24421,299756,99.94,0.3,128,2064.44,1504.8,2041.93
./suiteSparse_dataset/conf5_4-8x8-15/conf5_4-8x8-15.mtx,49152,49152,1916928,99.92,0.5,128,4925.3,4211.18,3896.19
./suiteSparse_dataset/fxm4_6/fxm4_6.mtx,22400,47185,265442,99.97,0.1,128,2848.09,1793.53,2457.8
./suiteSparse_dataset/uni_chimera_i2/uni_chimera_i2_A_24.mtx,100000,100000,448987,99.99,0.7,128,1050.02,655.26,1050.02
./suiteSparse_dataset/TSOPF_RS_b39_c19/TSOPF_RS_b39_c19.mtx,38098,38098,684206,99.95,0.9,128,5663.96,4111.81,3852.51
./suiteSparse_dataset/192bit/192bit.mtx,13691,13682,154303,99.91,0.3,128,1836.94,1294.49,1753.44
./suiteSparse_dataset/juba40k/juba40k.mtx,40337,40337,144945,99.99,0.1,128,1685.41,1236.73,1647.1
./suiteSparse_dataset/mk12-b4/mk12-b4.mtx,62370,51975,311850,99.99,0.7,128,1993.93,1360.6,1978.74
./suiteSparse_dataset/g7jac100sc/g7jac100sc.mtx,29610,29610,384636,99.95,0.5,128,3509.45,2311.51,3052.67
./suiteSparse_dataset/bcsstk32/bcsstk32.mtx,44609,44609,1029655,99.94,0.3,128,4165.27,3450.59,3483.27
./suiteSparse_dataset/GaAsH6/GaAsH6.mtx,61349,61349,1721579,99.95,0.3,128,3125.6,1922.26,2884.68
./suiteSparse_dataset/cit-HepPh/cit-HepPh.mtx,34546,34546,421578,99.96,0.1,128,2439.69,1563.72,2411.77
./suiteSparse_dataset/bcircuit/bcircuit.mtx,68902,68902,375558,99.99,0.3,128,2224.87,977,2214.38
./suiteSparse_dataset/Chevron1/Chevron1.mtx,37365,37365,330633,99.97,0.5,128,2452.77,2354.94,2431.12
./suiteSparse_dataset/ABACUS_shell_md/ABACUS_shell_md_M.mtx,23412,23412,206474,99.96,0.3,128,2205.92,1649.15,2081.39
./suiteSparse_dataset/windscreen/windscreen_M.mtx,22692,22692,752340,99.85,0.3,128,4543.12,3815.11,3515.61
./suiteSparse_dataset/viscoplastic2/viscoplastic2_C_1.mtx,32769,32769,381326,99.96,0.3,128,2286.13,1515.6,2286.13
./suiteSparse_dataset/TSOPF_FS_b300/TSOPF_FS_b300.mtx,29214,29214,2203949,99.74,0.7,128,10036.2,8020.19,4946.03
./suiteSparse_dataset/ABACUS_shell_md/ABACUS_shell_md.mtx,23412,23412,218484,99.96,0.3,128,2285.4,1745.08,2193.61
./suiteSparse_dataset/ABACUS_shell_ld/ABACUS_shell_ld_K.mtx,23412,23412,216082,99.96,0.3,128,2289,1714.94,2135.2
./suiteSparse_dataset/uni_chimera_i2/uni_chimera_i2_A_18.mtx,100000,100000,448987,99.99,0.9,128,1045.13,655.65,1038.36
./suiteSparse_dataset/preferentialAttachment/preferentialAttachment.mtx,100000,100000,499985,99.99,0.9,128,1331.16,594.37,1326.92
./suiteSparse_dataset/raefsky3/raefsky3.mtx,21200,21200,1488768,99.66,0.9,128,11891.1,11891.1,5378.5
./suiteSparse_dataset/worms20_10NN/worms20_10NN.mtx,20055,20055,120413,99.97,0.3,128,2165.7,1343.9,2061.87
./suiteSparse_dataset/F2/F2.mtx,71505,71505,2682895,99.94,0.3,128,3627.49,3207.67,3420.31
./suiteSparse_dataset/pli/pli.mtx,22695,22695,686502,99.86,0.5,128,3991.29,3143.32,3474.2
./suiteSparse_dataset/ted_A/ted_A.mtx,10605,10605,424587,99.62,0.5,128,6243.93,4536.19,3660.23
./suiteSparse_dataset/TSOPF_FS_b300_c1/TSOPF_FS_b300_c1.mtx,29214,29214,2203949,99.74,0.7,128,10072.9,8031.88,4981.8
./suiteSparse_dataset/ch7-8-b3/ch7-8-b3.mtx,58800,11760,235200,99.96,0.9,128,2006.83,1492.39,1896.77
./suiteSparse_dataset/viscoplastic2/viscoplastic2_C_6.mtx,32769,32769,381326,99.96,0.3,128,2291.62,1515.6,2286.13
./suiteSparse_dataset/HEP-th-new/HEP-th-new.mtx,27770,27770,352807,99.95,0.1,128,2290.95,1318.41,2261.58
./suiteSparse_dataset/case39/case39_A_01.mtx,40216,40216,526139,99.96,0.7,128,4982.38,4010.21,3434.33
./suiteSparse_dataset/olesnik0/olesnik0.mtx,88263,88263,402623,99.99,0.9,128,1495.63,977.24,1495.63
./suiteSparse_dataset/viscoplastic2/viscoplastic2.mtx,32769,32769,381326,99.96,0.3,128,2286.13,1510.8,2275.21
./suiteSparse_dataset/case39/case39_A_05.mtx,40216,40216,526144,99.96,0.7,128,4982.42,4059.75,3443.35
./suiteSparse_dataset/std1_Jac3_db/std1_Jac3_db.mtx,21982,21982,531826,99.88,0.5,128,5780.72,3693.24,3787.93
./suiteSparse_dataset/lhr14/lhr14.mtx,14270,14270,307858,99.84,0.1,128,5200.3,3220.27,3579.74
./suiteSparse_dataset/ABACUS_shell_ud/ABACUS_shell_ud_K.mtx,23412,23412,216082,99.96,0.3,128,2279.35,1720.4,2169.5
./suiteSparse_dataset/FEM_3D_thermal1/FEM_3D_thermal1.mtx,17880,17880,430740,99.86,0.5,128,3687.84,2871.6,3121.3
./suiteSparse_dataset/gyro_m/gyro_m.mtx,17361,17361,178896,99.94,0.3,128,2457.36,1753.88,2329.37
./suiteSparse_dataset/c-71/c-71.mtx,76638,76638,468096,99.99,0.1,128,1596.51,350.79,1517.82
./suiteSparse_dataset/cond-mat-2003/cond-mat-2003.mtx,31163,31163,120029,99.98,0.1,128,1754.81,1103.21,1754.81
./suiteSparse_dataset/deltaX/deltaX.mtx,68600,21961,247424,99.98,0.1,128,1857.54,909.65,1857.54
./suiteSparse_dataset/uni_chimera_i2/uni_chimera_i2_A_19.mtx,100000,100000,448987,99.99,0.3,128,1044.16,673.35,1041.25
./suiteSparse_dataset/jan99jac100/jan99jac100.mtx,34454,34454,215862,99.98,0.1,128,2277.03,1503.22,2277.03
./suiteSparse_dataset/std1_Jac2_db/std1_Jac2_db.mtx,21982,21982,498771,99.89,0.5,128,5468.98,3101.81,3645.99
./suiteSparse_dataset/apache1/apache1.mtx,80800,80800,311492,99.99,0.1,128,942.77,709.87,932.61
./suiteSparse_dataset/std1_Jac3/std1_Jac3.mtx,21982,21982,1455848,99.69,0.5,128,5804.82,3956.11,4276.87
./suiteSparse_dataset/jan99jac080sc/jan99jac080sc.mtx,27534,27534,171522,99.97,0.1,128,2051.7,1365.62,2032.25
./suiteSparse_dataset/Franz11/Franz11.mtx,47104,30144,329728,99.97,0.7,128,2410.29,1423.7,2410.29
./suiteSparse_dataset/shyy161/shyy161.mtx,76480,76480,329762,99.99,0.1,128,1000.49,801.17,999.28
./suiteSparse_dataset/pdb1HYS/pdb1HYS.mtx,36417,36417,2190591,99.83,0.3,128,6703.16,6058.05,4395.25
./suiteSparse_dataset/c-64/c-64.mtx,51035,51035,384438,99.98,0.3,128,3257.95,2327.11,2843.48
./suiteSparse_dataset/lhr71c/lhr71c.mtx,70304,70304,1528092,99.96,0.3,128,5026.62,3229.27,3090.8
./suiteSparse_dataset/onetone2/onetone2.mtx,36057,36057,227628,99.98,0.3,128,2332.25,1635.26,2332.25
./suiteSparse_dataset/TSOPF_RS_b2383/TSOPF_RS_b2383.mtx,38120,38120,16171169,98.88,0.9,128,14101.1,13779.1,4513.56
./suiteSparse_dataset/ifiss_mat/ifiss_mat.mtx,96307,96307,3599932,99.96,0.3,128,3143.5,1968.04,3142.4
./suiteSparse_dataset/fxm3_16/fxm3_16.mtx,41340,85575,392252,99.98,0.1,128,3008.07,1850.25,2809.83
./suiteSparse_dataset/net50/net50.mtx,16320,16320,480760,99.81,0.7,128,4418.75,2903.14,3404.82
./suiteSparse_dataset/uni_chimera_i2/uni_chimera_i2_A_20.mtx,100000,100000,448987,99.99,0.3,128,1047.08,668.93,1039.32
./suiteSparse_dataset/mark3jac040/mark3jac040.mtx,18289,18289,113435,99.96,0.3,128,2054.98,1337.68,2054.98
./suiteSparse_dataset/pkustk13/pkustk13.mtx,94893,94893,3355860,99.96,0.3,128,3299.12,2543.09,3270.82
./suiteSparse_dataset/Zd_Jac3_db/Zd_Jac3_db.mtx,22835,22835,713907,99.86,0.3,128,6029.62,4672.17,3765.33
./suiteSparse_dataset/uni_chimera_i2/uni_chimera_i2_A_07.mtx,100000,100000,448987,99.99,0.9,128,1045.13,655.26,1040.29
./suiteSparse_dataset/wiki-RfA/wiki-RfA_Positive.mtx,11380,11380,139326,99.89,0.3,128,2048.91,1275.88,2036.93
./suiteSparse_dataset/uni_chimera_i2/uni_chimera_i2_A_12.mtx,100000,100000,448987,99.99,0.7,128,1048.06,654.5,1037.4
./suiteSparse_dataset/pattern1/pattern1.mtx,19242,19242,4671337,98.73,0.9,128,11218.4,5093.04,4211.45
./suiteSparse_dataset/Zd_Jac2_db/Zd_Jac2_db.mtx,22835,22835,676439,99.87,0.3,128,5954.57,4415.4,3733.11
./suiteSparse_dataset/viscoplastic2/viscoplastic2_C_2.mtx,32769,32769,381326,99.96,0.3,128,2286.13,1518.02,2286.13
./suiteSparse_dataset/g7jac040/g7jac040.mtx,11790,11790,114671,99.91,0.3,128,2171.8,1371.66,2171.8
./suiteSparse_dataset/xenon1/xenon1.mtx,48600,48600,1181120,99.94,0.3,128,4022.89,3834.81,3728.28
./suiteSparse_dataset/ex11/ex11.mtx,16614,16614,1096948,99.6,0.5,128,5810.11,5013.47,4068.8
./suiteSparse_dataset/skirt/skirt.mtx,12598,12598,104559,99.93,0.5,128,2010.75,1333.66,1980.28
./suiteSparse_dataset/Zhao2/Zhao2.mtx,33861,33861,166453,99.98,0.1,128,1825.14,1086.51,1817.17
./suiteSparse_dataset/ABACUS_shell_ud/ABACUS_shell_ud.mtx,23412,23412,218484,99.96,0.3,128,2285.4,1750.67,2176.14
./suiteSparse_dataset/gyro_k/gyro_k.mtx,17361,17361,519260,99.82,0.3,128,5644.13,4341.64,3773.69
./suiteSparse_dataset/pcrystk02/pcrystk02.mtx,13965,13965,491274,99.74,0.5,128,4532.05,3266.45,3249.17
./suiteSparse_dataset/TSOPF_FS_b300_c2/TSOPF_FS_b300_c2.mtx,56814,56814,4391071,99.86,0.7,128,10117.7,7977.96,4058.29
./suiteSparse_dataset/cbuckle/cbuckle.mtx,13681,13681,345098,99.81,0.3,128,3957.55,2730.21,3027.18
./suiteSparse_dataset/cage11/cage11.mtx,39082,39082,559722,99.96,0.3,128,2149.47,1532.65,2149.47
./suiteSparse_dataset/ABACUS_shell_ud/ABACUS_shell_ud_M.mtx,23412,23412,206474,99.96,0.3,128,2234.57,1665.11,2073.03
./suiteSparse_dataset/scfxm1-2r/scfxm1-2r_A_8.mtx,19036,33047,111052,99.98,0.1,128,1955.14,1223.04,1941.47
./suiteSparse_dataset/scfxm1-2b/scfxm1-2b.mtx,19036,33047,111052,99.98,0.1,128,1955.14,1223.04,1955.14
./suiteSparse_dataset/consph/consph.mtx,83334,83334,3046907,99.95,0.3,128,3260.82,2623.03,3212.68
./suiteSparse_dataset/nd12k/nd12k.mtx,36000,36000,7128473,99.44,0.3,128,7200.48,6218.14,4054.88
./suiteSparse_dataset/trdheim/trdheim.mtx,22098,22098,978711,99.79,0.5,128,5953.23,4416.57,3978.5
./suiteSparse_dataset/crystm03/crystm03.mtx,24696,24696,304233,99.95,0.3,128,2437.76,1682.7,2284.03
./suiteSparse_dataset/nv1/nv1.mtx,75468,75468,2449194,99.95,0.3,128,2881.4,1590.8,2881.4
./suiteSparse_dataset/wiki-RfA/wiki-RfA.mtx,11380,11380,188077,99.85,0.1,128,2089.74,1339.58,2080.5
./suiteSparse_dataset/n4c6-b12/n4c6-b12.mtx,25605,69235,332865,99.98,0.1,128,1886.99,1403.31,1882.72
./suiteSparse_dataset/cit-HepTh/cit-HepTh.mtx,27770,27770,352807,99.95,0.1,128,2273.24,1300.91,2238.62
./suiteSparse_dataset/TEM27623/TEM27623.mtx,27623,27623,233546,99.96,0.3,128,2170.5,1500.94,2146.56
./suiteSparse_dataset/OPF_10000/OPF_10000.mtx,43887,43887,255799,99.98,0.3,128,2333.93,1682.89,2333.93
./suiteSparse_dataset/chipcool0/chipcool0.mtx,20082,20082,281150,99.93,0.3,128,2622.67,1770.47,2398.89
./suiteSparse_dataset/cz20468/cz20468.mtx,20468,20468,206076,99.95,0.3,128,2683.28,1951.48,2655.62
./suiteSparse_dataset/uni_chimera_i2/uni_chimera_i2_A_05.mtx,100000,100000,448987,99.99,0.3,128,1044.16,673.75,1042.22
./suiteSparse_dataset/ABACUS_shell_md/ABACUS_shell_md_K.mtx,23412,23412,216082,99.96,0.3,128,2260.27,1704.12,2152.21
./suiteSparse_dataset/uni_chimera_i2/uni_chimera_i2_A_23.mtx,100000,100000,448987,99.99,0.9,128,1045.13,654.88,1038.36
./suiteSparse_dataset/c-59/c-59.mtx,41282,41282,260909,99.98,0.3,128,2433.85,745.45,2241.49
./suiteSparse_dataset/nv2010/nv2010.mtx,84538,84538,208499,99.99,0.1,128,1360.96,650.75,1350.38
./suiteSparse_dataset/m_t1/m_t1.mtx,97578,97578,4925574,99.94,0.5,128,3896.81,3471.65,3606.89
./suiteSparse_dataset/sctap1-2r/sctap1-2r.mtx,28830,63426,186366,99.98,0.3,128,1949.44,1245.76,1949.44
./suiteSparse_dataset/lhr10/lhr10.mtx,10672,10672,232633,99.79,0.5,128,4340.17,2850.89,3612.31
./suiteSparse_dataset/p010/p010.mtx,10090,19090,118000,99.93,0.9,128,2458.33,1130.27,2322.83
./suiteSparse_dataset/ncvxbqp1/ncvxbqp1.mtx,50000,50000,199984,99.99,0.1,128,1672.11,1086.87,1672.11
./suiteSparse_dataset/RFdevice/RFdevice.mtx,74104,74104,365580,99.99,0.9,128,1717.95,649.11,1708.32
./suiteSparse_dataset/bcsstk31/bcsstk31.mtx,35588,35588,608502,99.95,0.3,128,3793.65,3264.5,3546.05
./suiteSparse_dataset/vsp_c-60_data_cti_cs4/vsp_c-60_data_cti_cs4.mtx,85830,85830,241080,99.99,0.3,128,1963.19,547.91,1963.19
./suiteSparse_dataset/TSOPF_RS_b678_c1/TSOPF_RS_b678_c1.mtx,18696,18696,4396289,98.74,0.1,128,16115.4,14000.9,4271.56
./suiteSparse_dataset/venkat50/venkat50.mtx,62424,62424,1717792,99.95,0.3,128,4181.58,3939.89,3460.5
./suiteSparse_dataset/case39/case39_A_10.mtx,40216,40216,526144,99.96,0.7,128,4963.62,4010.24,3479.79
./suiteSparse_dataset/lowThrust_9/lowThrust_9.mtx,18044,18044,114806,99.96,0.3,128,2035.57,1334.95,1926.28
./suiteSparse_dataset/helm3d01/helm3d01.mtx,32226,32226,230335,99.97,0.3,128,2117.05,1436,2109.29
./suiteSparse_dataset/scfxm1-2b/scfxm1-2b_A_3.mtx,19036,33047,111052,99.98,0.1,128,1955.14,1223.04,1955.14
./suiteSparse_dataset/viscoplastic2/viscoplastic2_C_3.mtx,32769,32769,381326,99.96,0.3,128,2297.14,1525.3,2291.62
./suiteSparse_dataset/e18/e18.mtx,24617,38602,156466,99.98,0.5,128,2091.79,1693.36,1955.83
./suiteSparse_dataset/Zd_Jac2/Zd_Jac2.mtx,22835,22835,1642833,99.68,0.5,128,6066.59,4203.77,4212.39
./suiteSparse_dataset/mario001/mario001.mtx,38434,38434,114643,99.99,0.1,128,1549.23,1065.46,1532.66
./suiteSparse_dataset/cat_ears_4_4/cat_ears_4_4.mtx,19020,44448,132888,99.98,0.3,128,1597.21,1051.33,1574.5
./suiteSparse_dataset/jan99jac100sc/jan99jac100sc.mtx,34454,34454,215862,99.98,0.1,128,2267.46,1511.64,2267.46
./suiteSparse_dataset/lowThrust_5/lowThrust_5.mtx,16262,16262,103701,99.96,0.3,128,2107.74,1246.41,2009.71
./suiteSparse_dataset/bcsstk35/bcsstk35.mtx,30237,30237,740200,99.91,0.3,128,3558.65,2795.32,3185.03
./suiteSparse_dataset/t3dh_a/t3dh_a.mtx,79171,79171,2215638,99.96,0.5,128,3117.1,1971.91,3078.99
./suiteSparse_dataset/nsct/nsct_A_1.mtx,22901,37461,678739,99.92,0.3,128,5974.81,4128.58,3955.36
./suiteSparse_dataset/dbir2/dbir2.mtx,18906,45877,1158159,99.86,0.3,128,4566.87,3083.49,4208.43
./suiteSparse_dataset/TSOPF_RS_b39_c30/TSOPF_RS_b39_c30.mtx,60098,60098,1079986,99.97,0.9,128,5465.52,3308.78,3448.23
./suiteSparse_dataset/net125/net125.mtx,36720,36720,1306960,99.9,0.9,128,4595.5,3300.4,3663
./suiteSparse_dataset/TSOPF_RS_b300_c1/TSOPF_RS_b300_c1.mtx,14538,14538,1474325,99.3,0.1,128,11664,9725.1,5055.98
./suiteSparse_dataset/pfinan512/pfinan512.mtx,74752,74752,335872,99.99,0.5,128,1307.91,828.09,1299.81
./suiteSparse_dataset/c-50/c-50.mtx,22401,22401,108013,99.97,0.1,128,1849.54,778.19,1824.54
./suiteSparse_dataset/uni_chimera_i2/uni_chimera_i2_A_21.mtx,100000,100000,448987,99.99,0.3,128,1045.13,674.56,1045.13
./suiteSparse_dataset/ns3Da/ns3Da.mtx,20414,20414,1679599,99.59,0.3,128,5775.79,5425.06,4254.3
./suiteSparse_dataset/c-64b/c-64b.mtx,51035,51035,384438,99.98,0.3,128,3291.42,2327.11,2868.94
./suiteSparse_dataset/mark3jac080/mark3jac080.mtx,36609,36609,227955,99.98,0.3,128,2345.22,1583.02,2345.22
./suiteSparse_dataset/ABACUS_shell_hd/ABACUS_shell_hd_M.mtx,23412,23412,206474,99.96,0.3,128,2205.92,1649.15,2073.03
./suiteSparse_dataset/raefsky4/raefsky4.mtx,19779,19779,674195,99.82,0.7,128,4942.78,3919.74,3680.1
./suiteSparse_dataset/nsct/nsct.mtx,23003,37563,697738,99.91,0.5,128,5833.93,4416.06,3946.48
./suiteSparse_dataset/TSOPF_FS_b39_c7/TSOPF_FS_b39_c7.mtx,28216,28216,368599,99.95,0.7,128,4725.63,3776.63,3425.64
./suiteSparse_dataset/cond-mat-2005/cond-mat-2005.mtx,40421,40421,175693,99.98,0.1,128,1952.14,1223.49,1926.46
./suiteSparse_dataset/Si10H16/Si10H16.mtx,17077,17077,446500,99.84,0.3,128,3720.83,2554.35,3000.67
./suiteSparse_dataset/c-67/c-67.mtx,57975,57975,294955,99.99,0.1,128,2449.79,1407.23,2326.14
./suiteSparse_dataset/gupta1/gupta1.mtx,31802,31802,1098006,99.89,0.7,128,7056.59,5490.03,4255.84
./suiteSparse_dataset/msc10848/msc10848.mtx,10848,10848,620313,99.47,0.3,128,6381.82,5002.52,4135.42
./suiteSparse_dataset/mouse_gene/mouse_gene.mtx,45101,45101,14506196,99.28,0.3,128,3826.68,3024.9,3517.51
./suiteSparse_dataset/garon2/garon2.mtx,13535,13535,390607,99.78,0.5,128,4320.87,3201.7,3367.3
./suiteSparse_dataset/viscoplastic2/viscoplastic2_C_7.mtx,32769,32769,381326,99.96,0.3,128,2291.62,1506.03,2291.62
./suiteSparse_dataset/Trefethen_20000b/Trefethen_20000b.mtx,19999,19999,287217,99.92,0.5,128,2229.95,1669.87,2093.42
./suiteSparse_dataset/c-62/c-62.mtx,41731,41731,300537,99.98,0.3,128,2479.68,587.45,2283.72
./suiteSparse_dataset/olafu/olafu.mtx,16146,16146,515651,99.8,0.7,128,5654.07,4118.62,3882.91
./suiteSparse_dataset/sme3Db/sme3Db.mtx,29067,29067,2081063,99.75,0.3,128,5517.13,5314.26,4303.27
./suiteSparse_dataset/uni_chimera_i2/uni_chimera_i2_A_16.mtx,100000,100000,448987,99.99,0.3,128,1045.13,672.94,1043.19
./suiteSparse_dataset/g7jac040sc/g7jac040sc.mtx,11790,11790,114671,99.91,0.3,128,2188.38,1391.64,2188.38
./suiteSparse_dataset/Zd_Jac6_db/Zd_Jac6_db.mtx,22835,22835,663643,99.87,0.1,128,5780.86,4265.06,3703.37
./suiteSparse_dataset/t3dh/t3dh.mtx,79171,79171,2215638,99.96,0.5,128,3117.1,1972.61,3080.7
./suiteSparse_dataset/mark3jac140/mark3jac140.mtx,64089,64089,399735,99.99,0.3,128,2588.96,1260.2,2588.96
./suiteSparse_dataset/bcsstm36/bcsstm36.mtx,23052,23052,166389,99.96,0.1,128,2736.66,1899.42,2336.92
./suiteSparse_dataset/uni_chimera_i2/uni_chimera_i2_A_02.mtx,100000,100000,448987,99.99,0.9,128,1045.13,654.12,1039.32
./suiteSparse_dataset/lowThrust_10/lowThrust_10.mtx,18260,18260,116074,99.96,0.3,128,2058.05,1349.7,1884.32
./suiteSparse_dataset/pwt/pwt.mtx,36519,36519,181313,99.98,0.1,128,2300.93,1531.36,2289.31
./suiteSparse_dataset/mycielskian15/mycielskian15.mtx,24575,24575,5555555,99.08,0.7,128,4235.71,2683.84,3866.62
./suiteSparse_dataset/sd2010/sd2010.mtx,88360,88360,205361,99.99,0.7,128,1188.43,588.09,1185.69
./suiteSparse_dataset/scfxm1-2r/scfxm1-2r_A_9.mtx,37980,65943,221388,99.99,0.1,128,2240.77,1479.87,2240.77
./suiteSparse_dataset/Goodwin_071/Goodwin_071.mtx,56021,56021,1797934,99.94,0.5,128,4838.36,3714.74,3550.42
./suiteSparse_dataset/mycielskian16/mycielskian16.mtx,49151,49151,16691240,99.3,0.5,128,4054.81,2294.9,4011.93
./suiteSparse_dataset/2D_54019_highK/2D_54019_highK.mtx,54019,54019,996414,99.96,0.3,128,3916.72,2319.4,3838.27
./suiteSparse_dataset/pkustk09/pkustk09.mtx,33960,33960,808800,99.92,0.3,128,5279.37,4757.65,3941.52
./suiteSparse_dataset/c-52/c-52.mtx,23948,23948,113332,99.98,0.1,128,1804.65,715.48,1793.23
./suiteSparse_dataset/lhr17/lhr17.mtx,17576,17576,381975,99.87,0.1,128,5718.19,3589.99,3658.76
./suiteSparse_dataset/av41092/av41092.mtx,41092,41092,1683902,99.9,0.3,128,5308.64,4541.27,4762.17
./suiteSparse_dataset/conf6_0-8x8-80/conf6_0-8x8-80.mtx,49152,49152,1916928,99.92,0.5,128,4940.54,4203.79,3893.03
./suiteSparse_dataset/gyro/gyro.mtx,17361,17361,519260,99.82,0.3,128,5619.7,4356.21,3762.75
./suiteSparse_dataset/rajat22/rajat22.mtx,39899,39899,197264,99.98,0.3,128,2089.66,215.82,2063.43
./suiteSparse_dataset/vanbody/vanbody.mtx,47072,47072,1191985,99.94,0.3,128,4715.13,4026.98,3757.83
./suiteSparse_dataset/nsct/nsct_A_2.mtx,23003,37563,697738,99.91,0.5,128,5873.22,4360.86,3964.42
./suiteSparse_dataset/EAT_SR/EAT_SR.mtx,23219,23219,325589,99.93,0.1,128,2188.1,1512.96,2034.93
./suiteSparse_dataset/SiO/SiO.mtx,33401,33401,675528,99.93,0.3,128,2715.14,2054.53,2672.18
./suiteSparse_dataset/windscreen/windscreen.mtx,22692,22692,752541,99.85,0.3,128,4566.39,3816.13,3509.99
./suiteSparse_dataset/bauru5727/bauru5727.mtx,40366,40366,145019,99.99,0.1,128,1663.06,1237.36,1663.06
./suiteSparse_dataset/bundle1/bundle1.mtx,10581,10581,390741,99.65,0.9,128,6600.35,4719.09,4003.49
./suiteSparse_dataset/flower_7_4/flower_7_4.mtx,27693,67593,202218,99.98,0.1,128,1690.79,1178.43,1679.55
./suiteSparse_dataset/g7jac200sc/g7jac200sc.mtx,59310,59310,837936,99.97,0.5,128,3720.85,2161.86,3067.12
./suiteSparse_dataset/std1_Jac2/std1_Jac2.mtx,21982,21982,1248731,99.74,0.5,128,5770.48,4550.77,4201.65
./suiteSparse_dataset/scagr7-2r/scagr7-2r.mtx,32847,46679,120141,99.99,0.3,128,1736.14,1046.52,1736.14
./suiteSparse_dataset/sparsine/sparsine.mtx,50000,50000,799494,99.96,0.1,128,2177.27,1261.03,2177.27
./suiteSparse_dataset/sctap1-2r/sctap1-2r_A_11.mtx,28830,63426,186366,99.98,0.3,128,1949.44,1242.44,1925.27
./suiteSparse_dataset/ca-AstroPh/ca-AstroPh.mtx,18772,18772,198110,99.94,0.1,128,2230.97,1419.13,2201.22
./suiteSparse_dataset/p2p-Gnutella31/p2p-Gnutella31.mtx,62586,62586,147892,99.99,0.1,128,1521.52,996.58,1496.88
./suiteSparse_dataset/wang3/wang3.mtx,26064,26064,177168,99.97,0.3,128,2109.14,1251.19,2089.25
./suiteSparse_dataset/wathen120/wathen120.mtx,36441,36441,301101,99.97,0.3,128,2688.4,2382.13,2659.9
./suiteSparse_dataset/tsyl201/tsyl201.mtx,20685,20685,1237821,99.71,0.5,128,6276.98,5227.28,4244.93
./suiteSparse_dataset/viscorocks/viscorocks.mtx,37762,37762,1162244,99.91,0.3,128,5027.01,4483.97,4229.42
./suiteSparse_dataset/mark3jac100sc/mark3jac100sc.mtx,45769,45769,285215,99.98,0.3,128,2228.24,1440.48,2207.55
./suiteSparse_dataset/copter2/copter2.mtx,55476,55476,407714,99.98,0.3,128,2150.39,1407.85,2132.4
./suiteSparse_dataset/bcsstk25/bcsstk25.mtx,15439,15439,133840,99.94,0.5,128,2478.52,1616.43,2323.61
./suiteSparse_dataset/JP/JP.mtx,87616,67320,13734559,99.76,0.5,128,4310.37,3103.71,3840.33
./suiteSparse_dataset/vibrobox/vibrobox.mtx,12328,12328,177578,99.88,0.3,128,2412.74,1775.78,2219.73
./suiteSparse_dataset/TF16/TF16.mtx,15437,19321,216173,99.92,0.1,128,1944,1248.11,1838.21
./suiteSparse_dataset/nh2010/nh2010.mtx,48837,48837,117275,99.99,0.1,128,1444.27,970.82,1430.18
./suiteSparse_dataset/TSOPF_RS_b162_c3/TSOPF_RS_b162_c3.mtx,15374,15374,610299,99.74,0.7,128,8202.94,6465.03,4396.97
./suiteSparse_dataset/venkat01/venkat01.mtx,62424,62424,1717792,99.95,0.3,128,4145.25,3958.05,3443.85
./suiteSparse_dataset/human_gene2/human_gene2.mtx,14340,14340,9041364,95.6,0.5,128,5952.97,5368.98,4040.65
./suiteSparse_dataset/finan512/finan512.mtx,74752,74752,335872,99.99,0.5,128,1297.81,827.27,1297.81
./suiteSparse_dataset/uni_chimera_i2/uni_chimera_i2_A_04.mtx,100000,100000,448987,99.99,0.9,128,1044.16,654.88,1044.16
./suiteSparse_dataset/Ill_Stokes/Ill_Stokes.mtx,20896,20896,191368,99.95,0.3,128,1833.03,1236.23,1746.06
./suiteSparse_dataset/memplus/memplus.mtx,17758,17758,126150,99.96,0.3,128,1971.09,725,1958.85
./suiteSparse_dataset/nmos3/nmos3.mtx,18588,18588,386594,99.88,0.5,128,3835.26,3048.85,3367.54
./suiteSparse_dataset/lhr11/lhr11.mtx,10964,10964,233741,99.8,0.3,128,4328.54,2782.63,3541.53
./suiteSparse_dataset/ramage02/ramage02.mtx,16830,16830,1441591,99.49,0.5,128,6825.71,5908.16,4379.07
./suiteSparse_dataset/crystk03/crystk03.mtx,24696,24696,887937,99.85,0.5,128,4825.74,3956.94,3699.74
./suiteSparse_dataset/af23560/af23560.mtx,23560,23560,484256,99.91,0.3,128,4785.14,3635.56,3550.26
./suiteSparse_dataset/jan99jac120/jan99jac120.mtx,41374,41374,260202,99.98,0.3,128,2274.49,1283.05,2098.4
./suiteSparse_dataset/gyro/gyro_M.mtx,17361,17361,178896,99.94,0.3,128,2470.94,1747.03,2317.31
./suiteSparse_dataset/conf5_4-8x8-05/conf5_4-8x8-05.mtx,49152,49152,1916928,99.92,0.5,128,4935.45,4226.03,3889.87
./suiteSparse_dataset/vsp_bcsstk30_500sep_10in_1Kout/vsp_bcsstk30_500sep_10in_1Kout.mtx,58348,58348,2016578,99.94,0.3,128,4279.66,3077.81,3263.07
./suiteSparse_dataset/Chevron2/Chevron2.mtx,90249,90249,803173,99.99,0.3,128,1705.97,1377.18,1635.12
./suiteSparse_dataset/viscoplastic2/viscoplastic2_C_4.mtx,32769,32769,381326,99.96,0.3,128,2297.14,1510.8,2269.8
./suiteSparse_dataset/pkustk08/pkustk08.mtx,22209,22209,1624440,99.67,0.3,128,5998.67,5267.32,4279.35
./suiteSparse_dataset/cbuckle/cbuckle_G.mtx,13681,13681,263754,99.85,0.3,128,3330.23,2321.78,2736.04
./suiteSparse_dataset/pkustk02/pkustk02.mtx,10800,10800,410400,99.64,0.3,128,6412.5,4600.9,3886.36
./suiteSparse_dataset/loc-Brightkite/loc-Brightkite.mtx,58228,58228,214078,99.99,0.1,128,1683,891.99,1683
./suiteSparse_dataset/finance256/finance256.mtx,37376,37376,167936,99.98,0.1,128,1874.29,1231.2,1874.29
./suiteSparse_dataset/vsp_msc10848_300sep_100in_1Kout/vsp_msc10848_300sep_100in_1Kout.mtx,21996,21996,1221028,99.74,0.3,128,5383.72,3969.53,4006
./suiteSparse_dataset/vsp_south31_slptsk/vsp_south31_slptsk.mtx,39668,39668,189914,99.98,0.3,128,2187.95,1417.27,2187.95
./suiteSparse_dataset/jan99jac060/jan99jac060.mtx,20614,20614,127182,99.97,0.1,128,1974.88,1313.86,1786.26
./suiteSparse_dataset/ncvxqp5/ncvxqp5.mtx,62500,62500,237483,99.99,0.1,128,1653.78,991.16,1649.19
./suiteSparse_dataset/fem_filter/fem_filter.mtx,74062,74062,1731206,99.96,0.3,128,3261.5,1885.85,2960.34
./suiteSparse_dataset/rlfprim/rlfprim.mtx,58866,62716,320591,99.99,0.5,128,2160.32,1163.25,2160.32
./suiteSparse_dataset/astro-ph/astro-ph.mtx,16706,16706,121251,99.95,0.1,128,2165.2,1423.13,2165.2
./suiteSparse_dataset/case39/case39_A_08.mtx,40216,40216,526144,99.96,0.5,128,4982.42,3653.78,3479.79
./suiteSparse_dataset/TSOPF_FS_b39_c19/TSOPF_FS_b39_c19.mtx,76216,76216,998359,99.98,0.5,128,5276.74,4187.75,3893.76
./suiteSparse_dataset/mod2/mod2.mtx,34774,66409,199810,99.99,0.1,128,1796.85,564.44,1796.85
./suiteSparse_dataset/TSOPF_FS_b162_c4/TSOPF_FS_b162_c4.mtx,40798,40798,1204322,99.92,0.7,128,8137.31,6233.55,4473.71
./suiteSparse_dataset/kim1/kim1.mtx,38415,38415,933195,99.93,0.7,128,4280.71,3768.96,3617.03
./suiteSparse_dataset/lowThrust_12/lowThrust_12.mtx,18458,18458,117423,99.96,0.3,128,2111.92,1425.04,1957.05
./suiteSparse_dataset/mark3jac060/mark3jac060.mtx,27449,27449,170695,99.97,0.3,128,2123.07,1337.73,2123.07
./suiteSparse_dataset/g7jac100/g7jac100.mtx,29610,29610,384636,99.95,0.5,128,3509.45,2328.3,3023.87
./suiteSparse_dataset/g7jac050sc/g7jac050sc.mtx,14760,14760,157990,99.92,0.5,128,2633.17,1687.93,2309.8
./suiteSparse_dataset/ecl32/ecl32.mtx,51993,51993,380415,99.98,0.3,128,2023.48,1465.39,2006.41
./suiteSparse_dataset/c-56/c-56.mtx,35910,35910,208405,99.98,0.1,128,2336.38,1029.67,2336.38
./suiteSparse_dataset/c-65/c-65.mtx,48066,48066,204297,99.99,0.3,128,1949.4,499.75,1949.4
./suiteSparse_dataset/mycielskian14/mycielskian14.mtx,12287,12287,1847756,98.77,0.7,128,4624.01,3190.19,4069.95
./suiteSparse_dataset/bayer04/bayer04.mtx,20545,20545,159082,99.96,0.1,128,2616.48,1832.74,2339.44
./suiteSparse_dataset/g7jac160/g7jac160.mtx,47430,47430,656616,99.97,0.5,128,3664.15,2639.13,3175.13
./suiteSparse_dataset/case39/case39_A_03.mtx,40216,40216,526144,99.96,0.7,128,4982.42,4022.51,3443.35
./suiteSparse_dataset/cyl6/cyl6.mtx,13681,13681,363961,99.8,0.3,128,4212.51,2907.04,3137.59
./suiteSparse_dataset/g7jac140sc/g7jac140sc.mtx,41490,41490,565956,99.96,0.5,128,3600.23,2540.2,3102.83
./suiteSparse_dataset/case39/case39_A_02.mtx,40216,40216,526144,99.96,0.5,128,4963.62,3643.66,3470.61
./suiteSparse_dataset/crystk02/crystk02.mtx,13965,13965,491274,99.74,0.5,128,4515.39,3257.79,3328.41
./suiteSparse_dataset/wing/wing.mtx,62032,62032,121544,99.99,0.1,128,1235.2,946.6,1225.24
./suiteSparse_dataset/ca-HepPh/ca-HepPh.mtx,12008,12008,118521,99.91,0.1,128,2279.25,1459.62,2279.25
./suiteSparse_dataset/lhr11c/lhr11c.mtx,10964,10964,233741,99.8,0.5,128,4234.44,2850.5,3584.98
./suiteSparse_dataset/mip1/mip1.mtx,66463,66463,5209641,99.88,0.5,128,8170.7,8099.57,3938.34
./suiteSparse_dataset/crplat2/crplat2.mtx,18010,18010,489478,99.84,0.3,128,5587.65,4798.8,3641.95
./suiteSparse_dataset/g7jac180/g7jac180.mtx,53370,53370,747276,99.97,0.5,128,3736.38,2583.94,3193.49
./suiteSparse_dataset/bcsstk29/bcsstk29.mtx,13992,13992,316740,99.83,0.3,128,4374.86,3105.29,3192.94
./suiteSparse_dataset/uni_chimera_i2/uni_chimera_i2_A_08.mtx,100000,100000,448987,99.99,0.3,128,1047.08,673.35,1047.08
./suiteSparse_dataset/c-60/c-60.mtx,43640,43640,171109,99.99,0.1,128,1820.31,571.89,1820.31
./suiteSparse_dataset/msc23052/msc23052.mtx,23052,23052,588933,99.88,0.3,128,5112.27,4182.76,3736.88
./suiteSparse_dataset/sme3Da/sme3Da.mtx,12504,12504,874887,99.44,0.3,128,5245.13,4575.77,3919.74
./suiteSparse_dataset/lowThrust_6/lowThrust_6.mtx,16928,16928,108376,99.96,0.3,128,2133.39,1296.36,2006.96
./suiteSparse_dataset/wang4/wang4.mtx,26068,26068,177196,99.97,0.3,128,2089.58,1251.38,2079.77
./suiteSparse_dataset/crystm02/crystm02.mtx,13965,13965,168435,99.91,0.3,128,2326.45,1503.88,2064.15
./suiteSparse_dataset/pltexpa/pltexpa_A_5.mtx,26894,70364,143059,99.99,0.1,128,1663.48,1153.7,1663.48
./suiteSparse_dataset/tandem_vtx/tandem_vtx.mtx,18454,18454,135902,99.96,0.3,128,1941.46,1415.65,1836.51
./suiteSparse_dataset/cz40948/cz40948.mtx,40948,40948,412148,99.97,0.3,128,2918.9,2201.65,2755
./suiteSparse_dataset/c-51/c-51.mtx,23196,23196,113123,99.97,0.5,128,1801.32,783.4,1693.46
./suiteSparse_dataset/soc-Slashdot0811/soc-Slashdot0811.mtx,77360,77360,905468,99.98,0.1,128,1762.98,448.16,1762.98
./suiteSparse_dataset/baxter/baxter.mtx,27441,30733,111576,99.98,0.7,128,1603.1,186.08,1558.32
./suiteSparse_dataset/human_gene1/human_gene1.mtx,22283,22283,12345963,97.51,0.5,128,5369.68,4791.2,3945.41
./suiteSparse_dataset/TSOPF_RS_b2052_c1/TSOPF_RS_b2052_c1.mtx,25626,25626,6761100,98.97,0.1,128,14596.5,13298.8,4287.86
./suiteSparse_dataset/vsp_bump2_e18_aa01_model1_crew1/vsp_bump2_e18_aa01_model1_crew1.mtx,56438,56438,300801,99.99,0.3,128,1923.28,1114.08,1908.64
./suiteSparse_dataset/ex35/ex35.mtx,19716,19716,228208,99.94,0.3,128,2796.67,2001.82,2629.12
./suiteSparse_dataset/copter1/copter1.mtx,17222,17222,114143,99.96,0.3,128,1941.21,1141.43,1829.21
./suiteSparse_dataset/mosfet2/mosfet2.mtx,46994,46994,1499460,99.93,0.3,128,3265.37,2399.9,3184.92
./suiteSparse_dataset/tube1/tube1.mtx,21498,21498,459277,99.9,0.3,128,4592.77,3500.59,3610.67
./suiteSparse_dataset/bayer01/bayer01.mtx,57735,57735,277774,99.99,0.3,128,1984.1,1298.01,1984.1
./suiteSparse_dataset/mark3jac060sc/mark3jac060sc.mtx,27449,27449,170695,99.97,0.3,128,2133.69,1346.18,2133.69
./suiteSparse_dataset/k3plates/k3plates.mtx,11107,11107,378927,99.69,0.3,128,6072.55,4385.73,3744.34
./suiteSparse_dataset/TSOPF_RS_b162_c4/TSOPF_RS_b162_c4.mtx,20374,20374,812749,99.8,0.9,128,7906.12,6470.93,4341.61
./suiteSparse_dataset/lhr14c/lhr14c.mtx,14270,14270,307858,99.84,0.1,128,5271.54,3220.27,3563.17
./suiteSparse_dataset/c-72/c-72.mtx,84064,84064,395811,99.99,0.1,128,1209.69,323.48,1186.48
./suiteSparse_dataset/IG5-15/IG5-15.mtx,11369,11987,323509,99.76,0.3,128,2330.76,1543.46,2228.02
./suiteSparse_dataset/Pres_Poisson/Pres_Poisson.mtx,14822,14822,365313,99.83,0.3,128,4781.58,3526.19,3459.4
./suiteSparse_dataset/g7jac200/g7jac200.mtx,59310,59310,837936,99.97,0.5,128,3707.68,2152.97,3053.7
./suiteSparse_dataset/viscoplastic2/viscoplastic2_C_5.mtx,32769,32769,381326,99.96,0.3,128,2359.69,1518.02,2275.21
./suiteSparse_dataset/TSOPF_RS_b678_c2/TSOPF_RS_b678_c2.mtx,35696,35696,8781949,99.31,0.1,128,14724.9,13645,4321.83
./suiteSparse_dataset/scagr7-2r/scagr7-2r_A_11.mtx,32847,46679,120141,99.99,0.3,128,1746.24,1057.58,1736.14
./suiteSparse_dataset/TF17/TF17.mtx,38132,48630,586218,99.96,0.1,128,1948.86,1274.39,1938.55
./suiteSparse_dataset/g7jac120sc/g7jac120sc.mtx,35550,35550,475296,99.96,0.5,128,3656.12,2594.41,3185.63
./suiteSparse_dataset/wy2010/wy2010.mtx,86204,86204,213793,99.99,0.3,128,1329.56,569.81,1326.26
./suiteSparse_dataset/soc-sign-Slashdot090221/soc-sign-Slashdot090221.mtx,82144,82144,549202,99.99,0.1,128,1969.88,752.33,1969.88
./suiteSparse_dataset/net150/net150.mtx,43520,43520,1582360,99.91,0.7,128,4836.06,3142.1,3936.22
./suiteSparse_dataset/inlet/inlet.mtx,11730,11730,328323,99.76,0.5,128,4436.8,3109.12,3350.23
./suiteSparse_dataset/IG5-18/IG5-18.mtx,47894,41550,1790490,99.91,0.3,128,2308.52,1484.16,2308.52
./suiteSparse_dataset/lhr10c/lhr10c.mtx,10672,10672,232633,99.79,0.3,128,4372.8,2836.99,3590.02
./suiteSparse_dataset/mark3jac120sc/mark3jac120sc.mtx,54929,54929,342475,99.98,0.3,128,2307.78,1359.03,2241.33
./suiteSparse_dataset/sme3Dc/sme3Dc.mtx,42930,42930,3148656,99.82,0.3,128,5516.22,5016.98,3751.97
./suiteSparse_dataset/email-Enron/email-Enron.mtx,36692,36692,183831,99.98,0.3,128,1939.15,1129.18,1939.15
./suiteSparse_dataset/TSOPF_RS_b39_c7/TSOPF_RS_b39_c7.mtx,14098,14098,252446,99.87,0.9,128,4709.81,3236.49,3411.43
./suiteSparse_dataset/mark3jac140sc/mark3jac140sc.mtx,64089,64089,399735,99.99,0.3,128,2588.96,1260.2,2588.96
./suiteSparse_dataset/epb2/epb2.mtx,25228,25228,175027,99.97,0.3,128,2352.51,1546.17,2352.51
